condition,mean_win_rate_difference,ci95_low,ci95_high
reward_win_heavy,0.02169999999999999,0.01513117127117117,0.028268828728828813
reward_no_draw,0.024874999999999994,0.018464060269170884,0.031285939730829104
reward_harsh_loss,0.04804999999999999,0.041214586483657764,0.05488541351634221
exploration_epsilon_0.10,-0.013550000000000012,-0.019722648561405907,-0.0073773514385941175
exploration_epsilon_0.30,-0.028200000000000003,-0.03457783061816002,-0.021822169381839986
symmetry_off,-0.10070000000000001,-0.10828563968657526,-0.09311436031342477
opponent_self_play,0.013874999999999993,0.006064326472089869,0.021685673527910117
opponent_minimax,-0.19542500000000002,-0.20600861846955432,-0.18484138153044571
initial_beads_1,0.020074999999999992,0.012450335416551026,0.027699664583448958
initial_beads_10,-0.07207500000000001,-0.0782589832305691,-0.06589101676943093
