condition,family,trials,mean_win_rate,variance_win_rate,ci95_low_win_rate,ci95_high_win_rate,mean_draw_rate,variance_draw_rate,ci95_low_draw_rate,ci95_high_draw_rate,mean_loss_rate,variance_loss_rate,ci95_low_loss_rate,ci95_high_loss_rate,mean_games_to_convergence,variance_games_to_convergence,ci95_low_games_to_convergence,ci95_high_games_to_convergence,mean_state_space_size,variance_state_space_size,ci95_low_state_space_size,ci95_high_state_space_size,mean_policy_stability,variance_policy_stability,ci95_low_policy_stability,ci95_high_policy_stability
baseline,baseline,100,0.80295,0.0005471439393939392,0.7983653428071712,0.8075346571928289,0.091775,0.00020496148989898987,0.08896897067086611,0.09458102932913388,0.105275,0.0003949362373737374,0.10137989146557512,0.10917010853442487,1743.0,483081.8181818182,1606.771988463192,1879.228011536808,336.58,3.033939393939394,336.2386031403812,336.92139685961877,0.9561402368006382,0.00012615644934867133,0.9539387767946016,0.9583416968066748
reward_win_heavy,reward,100,0.82465,0.0007559368686868686,0.8192611160016684,0.8300388839983316,0.076825,0.00023066351010101008,0.07384822835876845,0.07980177164123156,0.098525,0.0005102392676767677,0.09409765861864361,0.1029523413813564,1674.0,480327.2727272727,1538.160931580451,1809.839068419549,335.1,15.646464646464647,334.3247099988659,335.87529000113415,0.964861655838426,0.00010833552981840418,0.962821602477971,0.966901709198881
reward_no_draw,reward,100,0.827825,0.0007618251262626266,0.8224151687595171,0.8332348312404829,0.070275,0.00020478472222222222,0.06747018095255881,0.0730798190474412,0.1019,0.0004929444444444444,0.09754833896336379,0.10625166103663622,1905.0,437045.45454545453,1775.4255496565077,2034.5744503434923,336.25,7.967171717171717,335.6967668948021,336.8032331051979,0.95889988590785,0.00011266289328574426,0.9568194874584022,0.9609802843572979
reward_harsh_loss,reward,100,0.851,0.0007699494949494951,0.8455613990955412,0.8564386009044588,0.09125,0.00037329545454545455,0.08746311233572764,0.09503688766427236,0.05775,0.00032190656565656565,0.05423341605727055,0.061266583942729456,1599.0,369190.9090909091,1479.9082791977698,1718.0917208022302,331.34,57.49939393939394,329.8537642456273,332.82623575437265,0.9620014259636618,0.00010838492895516863,0.9599609075416078,0.9640419443857158
exploration_epsilon_0.10,exploration,100,0.7894,0.0006472373737373738,0.784413591377605,0.794386408622395,0.094875,0.0002886837121212121,0.09154482380573513,0.09820517619426487,0.115725,0.00037074431818181824,0.11195107449367733,0.11949892550632266,1815.0,478863.63636363635,1679.3680514976452,1950.6319485023548,337.43,0.7324242424242424,337.2622596956693,337.5977403043307,0.9504485358439131,0.00012661824391364506,0.9482430503059449,0.9526540213818813
exploration_epsilon_0.30,exploration,100,0.77475,0.0005453914141414142,0.7701726911218866,0.7793273088781135,0.10035,0.00026313383838383835,0.09717060547661138,0.10352939452338861,0.1249,0.00030440909090909097,0.12148032462997382,0.12831967537002617,1671.0,413190.9090909091,1545.0113419246147,1796.9886580753853,337.87,0.11424242424242424,337.80375245687804,337.93624754312197,0.9360929845662213,0.00020987552374182087,0.9332535166371779,0.9389324524952646
symmetry_off,symmetry,100,0.70225,0.001227967171717172,0.6953816969440271,0.709118303055973,0.11445,0.0002932550505050505,0.1110935605144436,0.11780643948555639,0.1833,0.0007729646464646465,0.1778507606165093,0.18874923938349067,1698.0,631309.0909090909,1542.2682754337973,1853.7317245662027,2117.99,16475.585757575758,2092.831977373747,2143.1480226262524,0.9570161461456417,2.8035590801166627e-05,0.9559783526901711,0.9580539396011123
opponent_self_play,opponent,100,0.816825,0.0010302847222222224,0.810533782479608,0.8231162175203921,0.095975,0.0003314261363636363,0.09240679786803699,0.09954320213196302,0.0872,0.0005193535353535353,0.0827332914339369,0.0916667085660631,1566.0,453781.8181818182,1433.967873881874,1698.032126118126,336.16,9.044848484848485,335.5705367701087,336.7494632298914,0.9729095940817871,8.716581952045132e-05,0.9710796864003186,0.9747395017632556
opponent_minimax,opponent,100,0.607525,0.0024580170454545454,0.5978076349858523,0.6172423650141476,0.14555,0.000444770202020202,0.14141644316831037,0.14968355683168966,0.246925,0.0023393756313131314,0.23744504988132717,0.25640495011867287,864.0,875054.5454545454,680.6530736058501,1047.34692639415,301.99,445.6261616161616,297.8524675681457,306.1275324318543,0.9975984165843675,8.34096998924701e-06,0.9970323541292383,0.9981644790394968
initial_beads_1,initialization,100,0.823025,0.0008419564393939395,0.8173377688128793,0.8287122311871207,0.087725,0.0004221079545454546,0.08369812786621947,0.09175187213378053,0.08925,0.00041571969696969696,0.0852537157409929,0.09324628425900709,1611.0,499372.7272727273,1472.494033735333,1749.505966264667,331.75,31.17929292929293,330.6555669425809,332.8444330574191,0.9703199472979362,7.751662083279138e-05,0.9685942942314386,0.9720456003644339
initial_beads_10,initialization,100,0.7308749999999999,0.0005740372474747476,0.7261790214119962,0.7355709785880037,0.105175,0.00023159785353535353,0.10219220548119484,0.10815779451880517,0.16395,0.00032956818181818185,0.16039181348539355,0.16750818651460647,1881.0,581554.5454545454,1731.530941602679,2030.469058397321,337.93,0.08595959595959596,337.87253502076584,337.9874649792342,0.932874904996852,0.00014127821919909282,0.9305452389116045,0.9352045710820995
