condition,family,trial,seed,win_rate,draw_rate,loss_rate,games_to_convergence,state_space_size,policy_stability
baseline,baseline,0,20260910,0.81,0.07,0.12,1800,335,0.9611940298507463
baseline,baseline,1,20260911,0.805,0.0975,0.0975,2400,337,0.9525222551928784
baseline,baseline,2,20260912,0.83,0.08,0.09,2400,336,0.9583333333333334
baseline,baseline,3,20260913,0.845,0.0525,0.1025,3000,338,0.9556213017751479
baseline,baseline,4,20260914,0.785,0.0825,0.1325,2100,338,0.9497041420118343
baseline,baseline,5,20260915,0.76,0.0975,0.1425,900,338,0.9497041420118343
baseline,baseline,6,20260916,0.775,0.115,0.11,1800,337,0.9642857142857143
baseline,baseline,7,20260917,0.81,0.0825,0.1075,1800,336,0.9553571428571429
baseline,baseline,8,20260918,0.79,0.1225,0.0875,1200,335,0.9611940298507463
baseline,baseline,9,20260919,0.8075,0.0875,0.105,1200,338,0.9526627218934911
baseline,baseline,10,20260920,0.7775,0.1,0.1225,900,337,0.9643916913946587
baseline,baseline,11,20260921,0.81,0.1025,0.0875,2400,338,0.9525222551928784
baseline,baseline,12,20260922,0.805,0.07,0.125,3000,338,0.9437869822485208
baseline,baseline,13,20260923,0.825,0.075,0.1,1800,337,0.9732142857142857
baseline,baseline,14,20260924,0.7975,0.0975,0.105,2700,338,0.9733727810650887
baseline,baseline,15,20260925,0.8275,0.0825,0.09,1200,336,0.9670658682634731
baseline,baseline,16,20260926,0.795,0.105,0.1,3000,338,0.9615384615384616
baseline,baseline,17,20260927,0.81,0.11,0.08,900,333,0.9397590361445783
baseline,baseline,18,20260928,0.8025,0.105,0.0925,2700,335,0.9700598802395209
baseline,baseline,19,20260929,0.785,0.115,0.1,1500,338,0.9347181008902077
baseline,baseline,20,20260930,0.8275,0.07,0.1025,900,337,0.9525222551928784
baseline,baseline,21,20260931,0.765,0.1225,0.1125,2100,338,0.9585798816568047
baseline,baseline,22,20260932,0.7475,0.11,0.1425,3000,337,0.9317507418397626
baseline,baseline,23,20260933,0.785,0.1025,0.1125,2700,337,0.9406528189910979
baseline,baseline,24,20260934,0.765,0.1025,0.1325,1500,338,0.9406528189910979
baseline,baseline,25,20260935,0.8075,0.0825,0.11,2400,338,0.9615384615384616
baseline,baseline,26,20260936,0.7625,0.1125,0.125,1200,338,0.9556213017751479
baseline,baseline,27,20260937,0.79,0.095,0.115,900,337,0.9554896142433235
baseline,baseline,28,20260938,0.76,0.1175,0.1225,900,338,0.9615384615384616
baseline,baseline,29,20260939,0.8375,0.0925,0.07,900,336,0.9462686567164179
baseline,baseline,30,20260940,0.8325,0.0925,0.075,900,337,0.9494047619047619
baseline,baseline,31,20260941,0.77,0.105,0.125,2100,337,0.9436201780415431
baseline,baseline,32,20260942,0.7975,0.1175,0.085,2100,333,0.9608433734939759
baseline,baseline,33,20260943,0.81,0.105,0.085,1800,338,0.9733727810650887
baseline,baseline,34,20260944,0.8425,0.07,0.0875,900,338,0.9556213017751479
baseline,baseline,35,20260945,0.82,0.0975,0.0825,900,337,0.9495548961424333
baseline,baseline,36,20260946,0.8325,0.085,0.0825,1500,336,0.9343283582089552
baseline,baseline,37,20260947,0.8025,0.095,0.1025,1800,336,0.9672619047619048
baseline,baseline,38,20260948,0.8425,0.0725,0.085,1500,335,0.9611940298507463
baseline,baseline,39,20260949,0.8475,0.095,0.0575,900,336,0.9731343283582089
baseline,baseline,40,20260950,0.7925,0.075,0.1325,3000,337,0.973293768545994
baseline,baseline,41,20260951,0.805,0.095,0.1,1800,334,0.9637462235649547
baseline,baseline,42,20260952,0.7725,0.1025,0.125,3000,334,0.9640718562874252
baseline,baseline,43,20260953,0.825,0.085,0.09,1800,336,0.9583333333333334
baseline,baseline,44,20260954,0.79,0.085,0.125,2100,338,0.9437869822485208
baseline,baseline,45,20260955,0.845,0.065,0.09,2400,329,0.9662576687116564
baseline,baseline,46,20260956,0.81,0.09,0.1,300,329,0.926829268292683
baseline,baseline,47,20260957,0.81,0.0825,0.1075,600,337,0.9584569732937686
baseline,baseline,48,20260958,0.795,0.0775,0.1275,1200,337,0.9642857142857143
baseline,baseline,49,20260959,0.7775,0.095,0.1275,1200,338,0.9644970414201184
baseline,baseline,50,20260960,0.8125,0.0975,0.09,2100,336,0.9520958083832335
baseline,baseline,51,20260961,0.7875,0.095,0.1175,900,338,0.9319526627218935
baseline,baseline,52,20260962,0.835,0.0775,0.0875,2100,336,0.9583333333333334
baseline,baseline,53,20260963,0.825,0.095,0.08,2100,335,0.9671641791044776
baseline,baseline,54,20260964,0.8075,0.095,0.0975,1800,338,0.9556213017751479
baseline,baseline,55,20260965,0.8525,0.0825,0.065,2400,333,0.963855421686747
baseline,baseline,56,20260966,0.7925,0.09,0.1175,2100,337,0.9554896142433235
baseline,baseline,57,20260967,0.7875,0.1025,0.11,2400,338,0.9644970414201184
baseline,baseline,58,20260968,0.78,0.09,0.13,1200,337,0.9672619047619048
baseline,baseline,59,20260969,0.8075,0.0875,0.105,1200,334,0.9700598802395209
baseline,baseline,60,20260970,0.8125,0.1075,0.08,2400,337,0.9614243323442137
baseline,baseline,61,20260971,0.805,0.0975,0.0975,2700,338,0.9644970414201184
baseline,baseline,62,20260972,0.795,0.09,0.115,1500,338,0.9556213017751479
baseline,baseline,63,20260973,0.8175,0.09,0.0925,1500,337,0.9643916913946587
baseline,baseline,64,20260974,0.795,0.095,0.11,1200,338,0.9260355029585798
baseline,baseline,65,20260975,0.8,0.07,0.13,2400,338,0.9437869822485208
baseline,baseline,66,20260976,0.835,0.0625,0.1025,2700,337,0.9406528189910979
baseline,baseline,67,20260977,0.82,0.095,0.085,2400,336,0.9462686567164179
baseline,baseline,68,20260978,0.8125,0.0775,0.11,1500,337,0.9525222551928784
baseline,baseline,69,20260979,0.8025,0.1025,0.095,600,337,0.9375
baseline,baseline,70,20260980,0.8075,0.105,0.0875,3000,338,0.9615384615384616
baseline,baseline,71,20260981,0.785,0.1175,0.0975,2700,337,0.9465875370919882
baseline,baseline,72,20260982,0.8125,0.0725,0.115,3000,338,0.9495548961424333
baseline,baseline,73,20260983,0.775,0.09,0.135,1500,338,0.9556213017751479
baseline,baseline,74,20260984,0.8225,0.0725,0.105,1800,337,0.9643916913946587
baseline,baseline,75,20260985,0.8025,0.1025,0.095,1800,335,0.9641791044776119
baseline,baseline,76,20260986,0.8225,0.075,0.1025,2400,335,0.9641791044776119
baseline,baseline,77,20260987,0.7975,0.1,0.1025,1800,337,0.9702380952380952
baseline,baseline,78,20260988,0.8125,0.095,0.0925,900,335,0.9582089552238806
baseline,baseline,79,20260989,0.8,0.0975,0.1025,1800,338,0.9467455621301775
baseline,baseline,80,20260990,0.8125,0.0775,0.11,1800,338,0.9526627218934911
baseline,baseline,81,20260991,0.835,0.0875,0.0775,1800,335,0.9731343283582089
baseline,baseline,82,20260992,0.765,0.0975,0.1375,1800,338,0.9260355029585798
baseline,baseline,83,20260993,0.755,0.08,0.165,2100,335,0.9580838323353293
baseline,baseline,84,20260994,0.7975,0.095,0.1075,1800,337,0.9642857142857143
baseline,baseline,85,20260995,0.8375,0.0825,0.08,900,335,0.9700598802395209
baseline,baseline,86,20260996,0.8075,0.075,0.1175,1200,337,0.9554896142433235
baseline,baseline,87,20260997,0.8,0.0775,0.1225,900,337,0.9584569732937686
baseline,baseline,88,20260998,0.805,0.08,0.115,1500,334,0.9550898203592815
baseline,baseline,89,20260999,0.74,0.095,0.165,900,338,0.9437869822485208
baseline,baseline,90,20261000,0.8075,0.115,0.0775,1200,336,0.9494047619047619
baseline,baseline,91,20261001,0.8075,0.085,0.1075,600,338,0.9526627218934911
baseline,baseline,92,20261002,0.77,0.115,0.115,2100,338,0.9495548961424333
baseline,baseline,93,20261003,0.8175,0.0975,0.085,1500,338,0.9585798816568047
baseline,baseline,94,20261004,0.78,0.0775,0.1425,900,335,0.9671641791044776
baseline,baseline,95,20261005,0.79,0.1025,0.1075,1800,335,0.9670658682634731
baseline,baseline,96,20261006,0.795,0.1025,0.1025,2700,338,0.9615384615384616
baseline,baseline,97,20261007,0.825,0.0775,0.0975,1200,335,0.9641791044776119
baseline,baseline,98,20261008,0.8025,0.095,0.1025,1500,338,0.9644970414201184
baseline,baseline,99,20261009,0.805,0.09,0.105,1200,338,0.9644970414201184
reward_win_heavy,reward,0,20260910,0.83,0.0775,0.0925,2700,336,0.9701492537313433
reward_win_heavy,reward,1,20260911,0.785,0.095,0.12,2100,335,0.9791044776119403
reward_win_heavy,reward,2,20260912,0.8125,0.08,0.1075,2100,332,0.9577039274924471
reward_win_heavy,reward,3,20260913,0.8425,0.06,0.0975,2700,337,0.9495548961424333
reward_win_heavy,reward,4,20260914,0.8,0.075,0.125,900,337,0.9821958456973294
reward_win_heavy,reward,5,20260915,0.815,0.1,0.085,600,337,0.9673590504451038
reward_win_heavy,reward,6,20260916,0.82,0.09,0.09,1200,337,0.9495548961424333
reward_win_heavy,reward,7,20260917,0.825,0.0675,0.1075,2100,336,0.9702380952380952
reward_win_heavy,reward,8,20260918,0.79,0.0975,0.1125,900,337,0.9762611275964391
reward_win_heavy,reward,9,20260919,0.8525,0.0625,0.085,1800,337,0.9672619047619048
reward_win_heavy,reward,10,20260920,0.805,0.0725,0.1225,1800,337,0.9642857142857143
reward_win_heavy,reward,11,20260921,0.8825,0.06,0.0575,2700,335,0.9640718562874252
reward_win_heavy,reward,12,20260922,0.7975,0.0925,0.11,2100,334,0.9579579579579579
reward_win_heavy,reward,13,20260923,0.8175,0.08,0.1025,1200,329,0.9513677811550152
reward_win_heavy,reward,14,20260924,0.8075,0.0725,0.12,1800,338,0.9585798816568047
reward_win_heavy,reward,15,20260925,0.8425,0.0825,0.075,2100,337,0.9553571428571429
reward_win_heavy,reward,16,20260926,0.7925,0.0925,0.115,2100,338,0.9408284023668639
reward_win_heavy,reward,17,20260927,0.8425,0.07,0.0875,1500,337,0.9553571428571429
reward_win_heavy,reward,18,20260928,0.8275,0.09,0.0825,1500,337,0.9703264094955489
reward_win_heavy,reward,19,20260929,0.8025,0.09,0.1075,2700,337,0.9614243323442137
reward_win_heavy,reward,20,20260930,0.8025,0.06,0.1375,900,337,0.9703264094955489
reward_win_heavy,reward,21,20260931,0.8025,0.095,0.1025,1200,324,0.9566563467492261
reward_win_heavy,reward,22,20260932,0.7925,0.1075,0.1,1200,338,0.9585798816568047
reward_win_heavy,reward,23,20260933,0.82,0.0675,0.1125,900,338,0.9704142011834319
reward_win_heavy,reward,24,20260934,0.8475,0.075,0.0775,2100,334,0.9759036144578314
reward_win_heavy,reward,25,20260935,0.7925,0.07,0.1375,900,335,0.9582089552238806
reward_win_heavy,reward,26,20260936,0.8075,0.0825,0.11,1500,337,0.9464285714285714
reward_win_heavy,reward,27,20260937,0.775,0.0825,0.1425,1500,334,0.9668674698795181
reward_win_heavy,reward,28,20260938,0.8125,0.0875,0.1,1200,335,0.9701492537313433
reward_win_heavy,reward,29,20260939,0.88,0.0425,0.0775,1800,335,0.9641791044776119
reward_win_heavy,reward,30,20260940,0.86,0.065,0.075,1800,326,0.9723076923076923
reward_win_heavy,reward,31,20260941,0.795,0.0575,0.1475,1500,338,0.9615384615384616
reward_win_heavy,reward,32,20260942,0.79,0.07,0.14,2700,338,0.9733727810650887
reward_win_heavy,reward,33,20260943,0.835,0.075,0.09,600,337,0.973293768545994
reward_win_heavy,reward,34,20260944,0.815,0.09,0.095,1800,333,0.96996996996997
reward_win_heavy,reward,35,20260945,0.8325,0.0675,0.1,2400,336,0.9610778443113772
reward_win_heavy,reward,36,20260946,0.8,0.085,0.115,900,334,0.9819277108433735
reward_win_heavy,reward,37,20260947,0.8275,0.0625,0.11,1200,338,0.9704142011834319
reward_win_heavy,reward,38,20260948,0.815,0.0825,0.1025,1500,338,0.973293768545994
reward_win_heavy,reward,39,20260949,0.8,0.0875,0.1125,1500,337,0.9613095238095238
reward_win_heavy,reward,40,20260950,0.84,0.09,0.07,1800,335,0.9670658682634731
reward_win_heavy,reward,41,20260951,0.805,0.085,0.11,900,337,0.9554896142433235
reward_win_heavy,reward,42,20260952,0.8175,0.075,0.1075,600,335,0.9492537313432836
reward_win_heavy,reward,43,20260953,0.835,0.0875,0.0775,2100,337,0.9495548961424333
reward_win_heavy,reward,44,20260954,0.8475,0.065,0.0875,2700,336,0.9553571428571429
reward_win_heavy,reward,45,20260955,0.8725,0.055,0.0725,2700,327,0.9538461538461539
reward_win_heavy,reward,46,20260956,0.785,0.0975,0.1175,2100,336,0.982089552238806
reward_win_heavy,reward,47,20260957,0.82,0.085,0.095,900,338,0.9556213017751479
reward_win_heavy,reward,48,20260958,0.835,0.085,0.08,900,337,0.9584569732937686
reward_win_heavy,reward,49,20260959,0.8525,0.0725,0.075,900,329,0.9724770642201835
reward_win_heavy,reward,50,20260960,0.8625,0.075,0.0625,1500,338,0.9674556213017751
reward_win_heavy,reward,51,20260961,0.815,0.07,0.115,2700,335,0.9522388059701492
reward_win_heavy,reward,52,20260962,0.7725,0.1,0.1275,3000,337,0.9554896142433235
reward_win_heavy,reward,53,20260963,0.8425,0.0475,0.11,1200,334,0.9610778443113772
reward_win_heavy,reward,54,20260964,0.7675,0.1025,0.13,2400,338,0.9556213017751479
reward_win_heavy,reward,55,20260965,0.82,0.0725,0.1075,2100,338,0.9465875370919882
reward_win_heavy,reward,56,20260966,0.8175,0.08,0.1025,2400,338,0.9822485207100592
reward_win_heavy,reward,57,20260967,0.81,0.08,0.11,1800,336,0.9552238805970149
reward_win_heavy,reward,58,20260968,0.8175,0.115,0.0675,2100,334,0.9550898203592815
reward_win_heavy,reward,59,20260969,0.81,0.0825,0.1075,2100,338,0.9615384615384616
reward_win_heavy,reward,60,20260970,0.8175,0.0675,0.115,900,338,0.9762611275964391
reward_win_heavy,reward,61,20260971,0.85,0.065,0.085,2400,337,0.9703264094955489
reward_win_heavy,reward,62,20260972,0.855,0.09,0.055,600,333,0.9819277108433735
reward_win_heavy,reward,63,20260973,0.84,0.0575,0.1025,2400,336,0.9522388059701492
reward_win_heavy,reward,64,20260974,0.86,0.0625,0.0775,1500,335,0.9552238805970149
reward_win_heavy,reward,65,20260975,0.8125,0.0675,0.12,2700,335,0.9850299401197605
reward_win_heavy,reward,66,20260976,0.81,0.06,0.13,3000,334,0.9580838323353293
reward_win_heavy,reward,67,20260977,0.8425,0.0725,0.085,600,337,0.9643916913946587
reward_win_heavy,reward,68,20260978,0.8,0.09,0.11,1200,338,0.9497041420118343
reward_win_heavy,reward,69,20260979,0.8,0.09,0.11,1800,337,0.9702380952380952
reward_win_heavy,reward,70,20260980,0.835,0.09,0.075,1500,336,0.9552238805970149
reward_win_heavy,reward,71,20260981,0.855,0.07,0.075,1200,335,0.9670658682634731
reward_win_heavy,reward,72,20260982,0.7975,0.0875,0.115,1500,333,0.9759036144578314
reward_win_heavy,reward,73,20260983,0.8825,0.0725,0.045,1800,333,0.975975975975976
reward_win_heavy,reward,74,20260984,0.7975,0.095,0.1075,2100,334,0.9819819819819819
reward_win_heavy,reward,75,20260985,0.885,0.035,0.08,300,330,0.9817629179331308
reward_win_heavy,reward,76,20260986,0.835,0.085,0.08,1800,334,0.9580838323353293
reward_win_heavy,reward,77,20260987,0.8975,0.035,0.0675,600,327,0.9784615384615385
reward_win_heavy,reward,78,20260988,0.8475,0.0575,0.095,1800,328,0.9512195121951219
reward_win_heavy,reward,79,20260989,0.8625,0.06,0.0775,300,337,0.9583333333333334
reward_win_heavy,reward,80,20260990,0.825,0.0675,0.1075,1200,333,0.9668674698795181
reward_win_heavy,reward,81,20260991,0.85,0.075,0.075,900,336,0.9613095238095238
reward_win_heavy,reward,82,20260992,0.825,0.09,0.085,1500,337,0.9672619047619048
reward_win_heavy,reward,83,20260993,0.8375,0.065,0.0975,2100,336,0.9582089552238806
reward_win_heavy,reward,84,20260994,0.84,0.08,0.08,2100,337,0.9762611275964391
reward_win_heavy,reward,85,20260995,0.8325,0.085,0.0825,900,338,0.9763313609467456
reward_win_heavy,reward,86,20260996,0.8275,0.06,0.1125,2400,335,0.982089552238806
reward_win_heavy,reward,87,20260997,0.765,0.0775,0.1575,1800,338,0.9615384615384616
reward_win_heavy,reward,88,20260998,0.865,0.0725,0.0625,1500,334,0.9668674698795181
reward_win_heavy,reward,89,20260999,0.8075,0.0975,0.095,1500,338,0.9615384615384616
reward_win_heavy,reward,90,20261000,0.83,0.07,0.1,3000,335,0.9790419161676647
reward_win_heavy,reward,91,20261001,0.8475,0.055,0.0975,1200,338,0.9822485207100592
reward_win_heavy,reward,92,20261002,0.7925,0.08,0.1275,3000,337,0.9642857142857143
reward_win_heavy,reward,93,20261003,0.845,0.08,0.075,2700,335,0.9641791044776119
reward_win_heavy,reward,94,20261004,0.8225,0.0875,0.09,2100,333,0.96996996996997
reward_win_heavy,reward,95,20261005,0.82,0.105,0.075,1500,337,0.9525222551928784
reward_win_heavy,reward,96,20261006,0.785,0.0575,0.1575,2400,337,0.9614243323442137
reward_win_heavy,reward,97,20261007,0.8325,0.09,0.0775,1500,337,0.9851190476190477
reward_win_heavy,reward,98,20261008,0.825,0.0725,0.1025,900,328,0.9571865443425076
reward_win_heavy,reward,99,20261009,0.87,0.0625,0.0675,600,309,0.9675324675324676
reward_no_draw,reward,0,20260910,0.87,0.07,0.06,2700,334,0.9789156626506024
reward_no_draw,reward,1,20260911,0.83,0.0525,0.1175,900,338,0.9408284023668639
reward_no_draw,reward,2,20260912,0.8325,0.06,0.1075,1200,337,0.9582089552238806
reward_no_draw,reward,3,20260913,0.8275,0.0775,0.095,2700,338,0.9674556213017751
reward_no_draw,reward,4,20260914,0.785,0.0825,0.1325,1500,337,0.9436201780415431
reward_no_draw,reward,5,20260915,0.8125,0.0875,0.1,2100,338,0.9584569732937686
reward_no_draw,reward,6,20260916,0.8025,0.0475,0.15,3000,338,0.9495548961424333
reward_no_draw,reward,7,20260917,0.84,0.0525,0.1075,3000,337,0.973293768545994
reward_no_draw,reward,8,20260918,0.805,0.075,0.12,2100,338,0.9526627218934911
reward_no_draw,reward,9,20260919,0.8625,0.05,0.0875,1800,336,0.9582089552238806
reward_no_draw,reward,10,20260920,0.795,0.0775,0.1275,1800,338,0.9615384615384616
reward_no_draw,reward,11,20260921,0.8625,0.0575,0.08,3000,337,0.9672619047619048
reward_no_draw,reward,12,20260922,0.835,0.0625,0.1025,2700,338,0.9585798816568047
reward_no_draw,reward,13,20260923,0.8275,0.0675,0.105,1500,333,0.9578313253012049
reward_no_draw,reward,14,20260924,0.8425,0.0775,0.08,2400,337,0.9672619047619048
reward_no_draw,reward,15,20260925,0.85,0.0575,0.0925,1500,337,0.9643916913946587
reward_no_draw,reward,16,20260926,0.81,0.0725,0.1175,1800,336,0.9432835820895522
reward_no_draw,reward,17,20260927,0.815,0.095,0.09,2100,334,0.9459459459459459
reward_no_draw,reward,18,20260928,0.8125,0.0625,0.125,1800,338,0.9615384615384616
reward_no_draw,reward,19,20260929,0.7925,0.0725,0.135,900,338,0.9495548961424333
reward_no_draw,reward,20,20260930,0.8175,0.0875,0.095,900,336,0.9404761904761905
reward_no_draw,reward,21,20260931,0.84,0.0675,0.0925,1500,337,0.9406528189910979
reward_no_draw,reward,22,20260932,0.8325,0.055,0.1125,1800,338,0.9467455621301775
reward_no_draw,reward,23,20260933,0.8175,0.0725,0.11,1200,338,0.9408284023668639
reward_no_draw,reward,24,20260934,0.7825,0.075,0.1425,2700,338,0.9526627218934911
reward_no_draw,reward,25,20260935,0.8325,0.0725,0.095,2100,337,0.9762611275964391
reward_no_draw,reward,26,20260936,0.8,0.0775,0.1225,900,338,0.9733727810650887
reward_no_draw,reward,27,20260937,0.79,0.0625,0.1475,1500,338,0.9525222551928784
reward_no_draw,reward,28,20260938,0.7925,0.08,0.1275,1500,337,0.9554896142433235
reward_no_draw,reward,29,20260939,0.8625,0.0575,0.08,1500,336,0.9523809523809523
reward_no_draw,reward,30,20260940,0.825,0.08,0.095,1500,338,0.9615384615384616
reward_no_draw,reward,31,20260941,0.835,0.06,0.105,2700,338,0.9615384615384616
reward_no_draw,reward,32,20260942,0.86,0.05,0.09,900,335,0.9520958083832335
reward_no_draw,reward,33,20260943,0.8475,0.0675,0.085,1200,337,0.9643916913946587
reward_no_draw,reward,34,20260944,0.8375,0.08,0.0825,3000,328,0.948170731707317
reward_no_draw,reward,35,20260945,0.8175,0.1025,0.08,2100,337,0.9552238805970149
reward_no_draw,reward,36,20260946,0.8325,0.0575,0.11,2700,338,0.9704142011834319
reward_no_draw,reward,37,20260947,0.7925,0.0925,0.115,1800,338,0.9556213017751479
reward_no_draw,reward,38,20260948,0.8075,0.09,0.1025,2700,338,0.9585798816568047
reward_no_draw,reward,39,20260949,0.79,0.0725,0.1375,900,337,0.9584569732937686
reward_no_draw,reward,40,20260950,0.8075,0.0725,0.12,2100,338,0.9526627218934911
reward_no_draw,reward,41,20260951,0.8025,0.1,0.0975,2700,336,0.9523809523809523
reward_no_draw,reward,42,20260952,0.7975,0.06,0.1425,2100,337,0.9643916913946587
reward_no_draw,reward,43,20260953,0.825,0.095,0.08,2100,337,0.9673590504451038
reward_no_draw,reward,44,20260954,0.8475,0.0625,0.09,900,335,0.9608433734939759
reward_no_draw,reward,45,20260955,0.8525,0.045,0.1025,1200,334,0.9608433734939759
reward_no_draw,reward,46,20260956,0.8225,0.0775,0.1,1200,337,0.9643916913946587
reward_no_draw,reward,47,20260957,0.84,0.0775,0.0825,1200,338,0.9497041420118343
reward_no_draw,reward,48,20260958,0.805,0.0525,0.1425,2400,337,0.9494047619047619
reward_no_draw,reward,49,20260959,0.825,0.07,0.105,2100,337,0.9584569732937686
reward_no_draw,reward,50,20260960,0.865,0.07,0.065,1200,336,0.9791666666666666
reward_no_draw,reward,51,20260961,0.8675,0.0625,0.07,900,335,0.9640718562874252
reward_no_draw,reward,52,20260962,0.7975,0.095,0.1075,900,338,0.9526627218934911
reward_no_draw,reward,53,20260963,0.8075,0.0775,0.115,3000,337,0.9495548961424333
reward_no_draw,reward,54,20260964,0.835,0.075,0.09,2100,337,0.9762611275964391
reward_no_draw,reward,55,20260965,0.8725,0.0675,0.06,1200,329,0.9544072948328267
reward_no_draw,reward,56,20260966,0.7825,0.105,0.1125,3000,338,0.9556213017751479
reward_no_draw,reward,57,20260967,0.8425,0.05,0.1075,900,336,0.9464285714285714
reward_no_draw,reward,58,20260968,0.8425,0.0675,0.09,3000,337,0.9554896142433235
reward_no_draw,reward,59,20260969,0.84,0.0575,0.1025,1800,337,0.9792284866468842
reward_no_draw,reward,60,20260970,0.8125,0.08,0.1075,1500,338,0.9615384615384616
reward_no_draw,reward,61,20260971,0.8625,0.055,0.0825,2100,335,0.9670658682634731
reward_no_draw,reward,62,20260972,0.8475,0.055,0.0975,1800,338,0.9556213017751479
reward_no_draw,reward,63,20260973,0.88,0.05,0.07,900,319,0.9776357827476039
reward_no_draw,reward,64,20260974,0.8375,0.06,0.1025,2700,337,0.9702380952380952
reward_no_draw,reward,65,20260975,0.8525,0.0675,0.08,1800,336,0.9494047619047619
reward_no_draw,reward,66,20260976,0.8125,0.08,0.1075,1500,338,0.9495548961424333
reward_no_draw,reward,67,20260977,0.7825,0.07,0.1475,1800,338,0.9673590504451038
reward_no_draw,reward,68,20260978,0.8,0.065,0.135,900,333,0.9668674698795181
reward_no_draw,reward,69,20260979,0.8725,0.0375,0.09,1800,334,0.9666666666666667
reward_no_draw,reward,70,20260980,0.825,0.075,0.1,1500,338,0.9437869822485208
reward_no_draw,reward,71,20260981,0.8025,0.0725,0.125,2100,329,0.9756838905775076
reward_no_draw,reward,72,20260982,0.8675,0.0475,0.085,2100,336,0.9641791044776119
reward_no_draw,reward,73,20260983,0.845,0.06,0.095,1500,334,0.9666666666666667
reward_no_draw,reward,74,20260984,0.8125,0.085,0.1025,3000,337,0.9583333333333334
reward_no_draw,reward,75,20260985,0.8775,0.0675,0.055,2100,334,0.9670658682634731
reward_no_draw,reward,76,20260986,0.825,0.06,0.115,3000,338,0.9408284023668639
reward_no_draw,reward,77,20260987,0.825,0.0875,0.0875,1200,338,0.9495548961424333
reward_no_draw,reward,78,20260988,0.85,0.0575,0.0925,1200,334,0.963963963963964
reward_no_draw,reward,79,20260989,0.825,0.07,0.105,2100,336,0.9672619047619048
reward_no_draw,reward,80,20260990,0.7875,0.095,0.1175,2700,338,0.9497041420118343
reward_no_draw,reward,81,20260991,0.845,0.07,0.085,2400,337,0.9525222551928784
reward_no_draw,reward,82,20260992,0.765,0.09,0.145,2700,337,0.9584569732937686
reward_no_draw,reward,83,20260993,0.91,0.045,0.045,2700,326,0.9875
reward_no_draw,reward,84,20260994,0.8125,0.0775,0.11,1500,335,0.9522388059701492
reward_no_draw,reward,85,20260995,0.8375,0.0525,0.11,2700,337,0.9672619047619048
reward_no_draw,reward,86,20260996,0.8525,0.055,0.0925,2400,338,0.9585798816568047
reward_no_draw,reward,87,20260997,0.7825,0.1,0.1175,2100,338,0.9733727810650887
reward_no_draw,reward,88,20260998,0.85,0.0825,0.0675,2100,338,0.9614243323442137
reward_no_draw,reward,89,20260999,0.765,0.09,0.145,2700,338,0.9497041420118343
reward_no_draw,reward,90,20261000,0.8275,0.0675,0.105,900,336,0.9580838323353293
reward_no_draw,reward,91,20261001,0.805,0.075,0.12,2400,337,0.9554896142433235
reward_no_draw,reward,92,20261002,0.84,0.0725,0.0875,1500,337,0.9614243323442137
reward_no_draw,reward,93,20261003,0.8375,0.0825,0.08,1800,336,0.9672619047619048
reward_no_draw,reward,94,20261004,0.855,0.0675,0.0775,1500,334,0.9700598802395209
reward_no_draw,reward,95,20261005,0.8375,0.055,0.1075,2700,338,0.9467455621301775
reward_no_draw,reward,96,20261006,0.8575,0.07,0.0725,1800,338,0.9644970414201184
reward_no_draw,reward,97,20261007,0.835,0.0775,0.0875,1500,336,0.9702380952380952
reward_no_draw,reward,98,20261008,0.8525,0.0675,0.08,2400,333,0.960960960960961
reward_no_draw,reward,99,20261009,0.8125,0.075,0.1125,1800,338,0.9260355029585798
reward_harsh_loss,reward,0,20260910,0.855,0.08,0.065,900,334,0.9610778443113772
reward_harsh_loss,reward,1,20260911,0.8575,0.0775,0.065,1500,334,0.9461077844311377
reward_harsh_loss,reward,2,20260912,0.83,0.09,0.08,1800,338,0.9674556213017751
reward_harsh_loss,reward,3,20260913,0.8375,0.085,0.0775,1800,337,0.9643916913946587
reward_harsh_loss,reward,4,20260914,0.84,0.1025,0.0575,900,335,0.9582089552238806
reward_harsh_loss,reward,5,20260915,0.8525,0.0925,0.055,1500,335,0.9671641791044776
reward_harsh_loss,reward,6,20260916,0.9225,0.06,0.0175,1500,310,0.9771986970684039
reward_harsh_loss,reward,7,20260917,0.8325,0.115,0.0525,2100,333,0.960960960960961
reward_harsh_loss,reward,8,20260918,0.8775,0.0675,0.055,1800,315,0.9648562300319489
reward_harsh_loss,reward,9,20260919,0.8525,0.0875,0.06,1200,337,0.9584569732937686
reward_harsh_loss,reward,10,20260920,0.8425,0.1025,0.055,1800,336,0.9462686567164179
reward_harsh_loss,reward,11,20260921,0.86,0.085,0.055,900,332,0.9604863221884499
reward_harsh_loss,reward,12,20260922,0.83,0.0925,0.0775,1200,334,0.960960960960961
reward_harsh_loss,reward,13,20260923,0.79,0.135,0.075,1800,338,0.9585798816568047
reward_harsh_loss,reward,14,20260924,0.8925,0.09,0.0175,2400,335,0.9610778443113772
reward_harsh_loss,reward,15,20260925,0.87,0.0825,0.0475,900,330,0.9666666666666667
reward_harsh_loss,reward,16,20260926,0.82,0.11,0.07,900,337,0.9376854599406528
reward_harsh_loss,reward,17,20260927,0.8875,0.085,0.0275,1500,309,0.9707792207792207
reward_harsh_loss,reward,18,20260928,0.8275,0.105,0.0675,1200,332,0.9578313253012049
reward_harsh_loss,reward,19,20260929,0.8475,0.09,0.0625,1200,333,0.963855421686747
reward_harsh_loss,reward,20,20260930,0.8025,0.1275,0.07,2100,334,0.9610778443113772
reward_harsh_loss,reward,21,20260931,0.8375,0.0975,0.065,2100,337,0.9584569732937686
reward_harsh_loss,reward,22,20260932,0.8225,0.1025,0.075,1200,335,0.9641791044776119
reward_harsh_loss,reward,23,20260933,0.855,0.1025,0.0425,1200,332,0.9577039274924471
reward_harsh_loss,reward,24,20260934,0.8175,0.1025,0.08,1200,334,0.960960960960961
reward_harsh_loss,reward,25,20260935,0.8325,0.08,0.0875,1500,325,0.9691358024691358
reward_harsh_loss,reward,26,20260936,0.8625,0.0825,0.055,2400,337,0.9584569732937686
reward_harsh_loss,reward,27,20260937,0.84,0.095,0.065,1800,332,0.9788519637462235
reward_harsh_loss,reward,28,20260938,0.8025,0.135,0.0625,1800,338,0.9585798816568047
reward_harsh_loss,reward,29,20260939,0.8525,0.1025,0.045,1200,335,0.9641791044776119
reward_harsh_loss,reward,30,20260940,0.8325,0.105,0.0625,1200,338,0.9615384615384616
reward_harsh_loss,reward,31,20260941,0.8025,0.0975,0.1,3000,335,0.9641791044776119
reward_harsh_loss,reward,32,20260942,0.8775,0.085,0.0375,900,334,0.9760479041916168
reward_harsh_loss,reward,33,20260943,0.8475,0.1,0.0525,1200,308,0.9603960396039604
reward_harsh_loss,reward,34,20260944,0.885,0.08,0.035,1200,334,0.96996996996997
reward_harsh_loss,reward,35,20260945,0.8025,0.1025,0.095,2100,337,0.9673590504451038
reward_harsh_loss,reward,36,20260946,0.9,0.06,0.04,2100,327,0.9602446483180428
reward_harsh_loss,reward,37,20260947,0.875,0.075,0.05,2700,336,0.9345238095238095
reward_harsh_loss,reward,38,20260948,0.86,0.0625,0.0775,2400,334,0.9608433734939759
reward_harsh_loss,reward,39,20260949,0.885,0.0825,0.0325,1800,327,0.9753086419753086
reward_harsh_loss,reward,40,20260950,0.855,0.0825,0.0625,1800,336,0.9464285714285714
reward_harsh_loss,reward,41,20260951,0.815,0.1325,0.0525,2400,332,0.9457831325301205
reward_harsh_loss,reward,42,20260952,0.855,0.0975,0.0475,2100,329,0.9694189602446484
reward_harsh_loss,reward,43,20260953,0.865,0.0925,0.0425,900,336,0.9461077844311377
reward_harsh_loss,reward,44,20260954,0.895,0.06,0.045,1500,335,0.9641791044776119
reward_harsh_loss,reward,45,20260955,0.8475,0.0675,0.085,900,332,0.9608433734939759
reward_harsh_loss,reward,46,20260956,0.8725,0.085,0.0425,1800,332,0.9365558912386707
reward_harsh_loss,reward,47,20260957,0.8075,0.09,0.1025,2100,338,0.9614243323442137
reward_harsh_loss,reward,48,20260958,0.8525,0.09,0.0575,1500,338,0.9674556213017751
reward_harsh_loss,reward,49,20260959,0.8525,0.0975,0.05,1500,335,0.963963963963964
reward_harsh_loss,reward,50,20260960,0.8675,0.08,0.0525,1800,324,0.9690402476780186
reward_harsh_loss,reward,51,20260961,0.8575,0.0875,0.055,1500,334,0.9640718562874252
reward_harsh_loss,reward,52,20260962,0.8325,0.105,0.0625,2700,334,0.963963963963964
reward_harsh_loss,reward,53,20260963,0.8725,0.07,0.0575,2700,330,0.9726443768996961
reward_harsh_loss,reward,54,20260964,0.8275,0.11,0.0625,1800,338,0.9644970414201184
reward_harsh_loss,reward,55,20260965,0.88,0.065,0.055,900,333,0.9519519519519519
reward_harsh_loss,reward,56,20260966,0.8225,0.1075,0.07,2400,337,0.9642857142857143
reward_harsh_loss,reward,57,20260967,0.9225,0.055,0.0225,2700,296,0.9861111111111112
reward_harsh_loss,reward,58,20260968,0.88,0.085,0.035,1800,336,0.9761904761904762
reward_harsh_loss,reward,59,20260969,0.8225,0.095,0.0825,1500,337,0.9643916913946587
reward_harsh_loss,reward,60,20260970,0.9225,0.035,0.0425,900,332,0.9697885196374623
reward_harsh_loss,reward,61,20260971,0.8675,0.0775,0.055,3000,333,0.9516616314199395
reward_harsh_loss,reward,62,20260972,0.85,0.1,0.05,900,334,0.9640718562874252
reward_harsh_loss,reward,63,20260973,0.84,0.1125,0.0475,1200,331,0.9665653495440729
reward_harsh_loss,reward,64,20260974,0.875,0.09,0.035,1800,327,0.9692307692307692
reward_harsh_loss,reward,65,20260975,0.82,0.115,0.065,900,335,0.9522388059701492
reward_harsh_loss,reward,66,20260976,0.825,0.095,0.08,2100,335,0.9730538922155688
reward_harsh_loss,reward,67,20260977,0.86,0.0625,0.0775,3000,335,0.9611940298507463
reward_harsh_loss,reward,68,20260978,0.8325,0.1075,0.06,900,331,0.9757575757575757
reward_harsh_loss,reward,69,20260979,0.825,0.1125,0.0625,900,331,0.9424242424242424
reward_harsh_loss,reward,70,20260980,0.875,0.055,0.07,900,328,0.9753846153846154
reward_harsh_loss,reward,71,20260981,0.89,0.035,0.075,900,338,0.9585798816568047
reward_harsh_loss,reward,72,20260982,0.86,0.1025,0.0375,2400,335,0.9668674698795181
reward_harsh_loss,reward,73,20260983,0.86,0.1,0.04,3000,329,0.9331306990881459
reward_harsh_loss,reward,74,20260984,0.86,0.0925,0.0475,600,334,0.9700598802395209
reward_harsh_loss,reward,75,20260985,0.8525,0.0875,0.06,1800,327,0.9447852760736196
reward_harsh_loss,reward,76,20260986,0.83,0.105,0.065,2100,324,0.9717868338557993
reward_harsh_loss,reward,77,20260987,0.7925,0.1475,0.06,1200,329,0.9634146341463414
reward_harsh_loss,reward,78,20260988,0.835,0.1,0.065,1800,334,0.937125748502994
reward_harsh_loss,reward,79,20260989,0.86,0.0975,0.0425,600,323,0.971875
reward_harsh_loss,reward,80,20260990,0.88,0.085,0.035,900,330,0.9756838905775076
reward_harsh_loss,reward,81,20260991,0.855,0.095,0.05,2400,334,0.9669669669669669
reward_harsh_loss,reward,82,20260992,0.8375,0.1,0.0625,1800,337,0.9525222551928784
reward_harsh_loss,reward,83,20260993,0.8775,0.0875,0.035,900,330,0.9606060606060606
reward_harsh_loss,reward,84,20260994,0.8325,0.115,0.0525,2400,328,0.9542682926829268
reward_harsh_loss,reward,85,20260995,0.86,0.095,0.045,1500,320,0.9682539682539683
reward_harsh_loss,reward,86,20260996,0.91,0.0625,0.0275,1200,330,0.950920245398773
reward_harsh_loss,reward,87,20260997,0.8675,0.0775,0.055,900,335,0.9760479041916168
reward_harsh_loss,reward,88,20260998,0.815,0.105,0.08,900,336,0.9672619047619048
reward_harsh_loss,reward,89,20260999,0.83,0.09,0.08,1200,336,0.9552238805970149
reward_harsh_loss,reward,90,20261000,0.8575,0.095,0.0475,1500,309,0.9805194805194806
reward_harsh_loss,reward,91,20261001,0.84,0.0825,0.0775,1500,335,0.9552238805970149
reward_harsh_loss,reward,92,20261002,0.8575,0.105,0.0375,2100,332,0.9668674698795181
reward_harsh_loss,reward,93,20261003,0.8675,0.1025,0.03,1800,310,0.9805825242718447
reward_harsh_loss,reward,94,20261004,0.815,0.0775,0.1075,900,337,0.9525222551928784
reward_harsh_loss,reward,95,20261005,0.86,0.065,0.075,1500,338,0.9615384615384616
reward_harsh_loss,reward,96,20261006,0.845,0.0925,0.0625,1200,324,0.9628482972136223
reward_harsh_loss,reward,97,20261007,0.865,0.0825,0.0525,1800,330,0.9545454545454546
reward_harsh_loss,reward,98,20261008,0.8325,0.1,0.0675,1500,328,0.9631901840490797
reward_harsh_loss,reward,99,20261009,0.8425,0.1125,0.045,900,335,0.9641791044776119
exploration_epsilon_0.10,exploration,0,20260910,0.795,0.0975,0.1075,1800,337,0.9554896142433235
exploration_epsilon_0.10,exploration,1,20260911,0.8375,0.07,0.0925,900,338,0.9408284023668639
exploration_epsilon_0.10,exploration,2,20260912,0.785,0.09,0.125,2400,338,0.9585798816568047
exploration_epsilon_0.10,exploration,3,20260913,0.805,0.08,0.115,1500,337,0.9613095238095238
exploration_epsilon_0.10,exploration,4,20260914,0.78,0.08,0.14,900,338,0.9556213017751479
exploration_epsilon_0.10,exploration,5,20260915,0.78,0.1,0.12,1500,338,0.9378698224852071
exploration_epsilon_0.10,exploration,6,20260916,0.7525,0.085,0.1625,900,337,0.9525222551928784
exploration_epsilon_0.10,exploration,7,20260917,0.8125,0.075,0.1125,900,338,0.9526627218934911
exploration_epsilon_0.10,exploration,8,20260918,0.765,0.1175,0.1175,2400,338,0.9437869822485208
exploration_epsilon_0.10,exploration,9,20260919,0.78,0.0725,0.1475,2400,338,0.9556213017751479
exploration_epsilon_0.10,exploration,10,20260920,0.8375,0.06,0.1025,2100,338,0.9497041420118343
exploration_epsilon_0.10,exploration,11,20260921,0.7775,0.09,0.1325,2100,337,0.9584569732937686
exploration_epsilon_0.10,exploration,12,20260922,0.7975,0.0825,0.12,1200,337,0.9376854599406528
exploration_epsilon_0.10,exploration,13,20260923,0.795,0.0975,0.1075,2400,338,0.9556213017751479
exploration_epsilon_0.10,exploration,14,20260924,0.75,0.1375,0.1125,900,338,0.9526627218934911
exploration_epsilon_0.10,exploration,15,20260925,0.765,0.0975,0.1375,2400,338,0.9349112426035503
exploration_epsilon_0.10,exploration,16,20260926,0.78,0.1075,0.1125,3000,338,0.9497041420118343
exploration_epsilon_0.10,exploration,17,20260927,0.7825,0.11,0.1075,1200,338,0.9733727810650887
exploration_epsilon_0.10,exploration,18,20260928,0.8,0.09,0.11,900,338,0.9287833827893175
exploration_epsilon_0.10,exploration,19,20260929,0.79,0.1,0.11,1200,338,0.9436201780415431
exploration_epsilon_0.10,exploration,20,20260930,0.8325,0.08,0.0875,1800,338,0.9408284023668639
exploration_epsilon_0.10,exploration,21,20260931,0.755,0.095,0.15,600,338,0.9437869822485208
exploration_epsilon_0.10,exploration,22,20260932,0.765,0.115,0.12,3000,338,0.9674556213017751
exploration_epsilon_0.10,exploration,23,20260933,0.8375,0.0875,0.075,2400,337,0.9554896142433235
exploration_epsilon_0.10,exploration,24,20260934,0.795,0.09,0.115,1500,338,0.9585798816568047
exploration_epsilon_0.10,exploration,25,20260935,0.7975,0.0775,0.125,1500,338,0.9467455621301775
exploration_epsilon_0.10,exploration,26,20260936,0.82,0.08,0.1,2100,337,0.9166666666666666
exploration_epsilon_0.10,exploration,27,20260937,0.795,0.1,0.105,2400,335,0.9582089552238806
exploration_epsilon_0.10,exploration,28,20260938,0.7925,0.07,0.1375,2700,338,0.9763313609467456
exploration_epsilon_0.10,exploration,29,20260939,0.775,0.12,0.105,1800,338,0.9497041420118343
exploration_epsilon_0.10,exploration,30,20260940,0.785,0.1,0.115,900,338,0.9704142011834319
exploration_epsilon_0.10,exploration,31,20260941,0.775,0.1,0.125,3000,338,0.9526627218934911
exploration_epsilon_0.10,exploration,32,20260942,0.7775,0.0825,0.14,1800,337,0.9465875370919882
exploration_epsilon_0.10,exploration,33,20260943,0.7675,0.0925,0.14,1500,338,0.9497041420118343
exploration_epsilon_0.10,exploration,34,20260944,0.76,0.11,0.13,900,338,0.9437869822485208
exploration_epsilon_0.10,exploration,35,20260945,0.7925,0.1075,0.1,1800,338,0.9554896142433235
exploration_epsilon_0.10,exploration,36,20260946,0.8075,0.0625,0.13,900,337,0.9404761904761905
exploration_epsilon_0.10,exploration,37,20260947,0.765,0.11,0.125,2700,337,0.9166666666666666
exploration_epsilon_0.10,exploration,38,20260948,0.8125,0.065,0.1225,600,338,0.9526627218934911
exploration_epsilon_0.10,exploration,39,20260949,0.7875,0.1275,0.085,1500,338,0.9378698224852071
exploration_epsilon_0.10,exploration,40,20260950,0.785,0.0875,0.1275,3000,338,0.9319526627218935
exploration_epsilon_0.10,exploration,41,20260951,0.7875,0.1225,0.09,600,338,0.9615384615384616
exploration_epsilon_0.10,exploration,42,20260952,0.795,0.105,0.1,1800,338,0.9349112426035503
exploration_epsilon_0.10,exploration,43,20260953,0.76,0.1075,0.1325,1800,338,0.9349112426035503
exploration_epsilon_0.10,exploration,44,20260954,0.82,0.075,0.105,2700,338,0.9615384615384616
exploration_epsilon_0.10,exploration,45,20260955,0.7825,0.1175,0.1,900,335,0.9582089552238806
exploration_epsilon_0.10,exploration,46,20260956,0.8025,0.0925,0.105,300,335,0.9552238805970149
exploration_epsilon_0.10,exploration,47,20260957,0.8025,0.08,0.1175,1500,338,0.9437869822485208
exploration_epsilon_0.10,exploration,48,20260958,0.7375,0.125,0.1375,1800,336,0.9375
exploration_epsilon_0.10,exploration,49,20260959,0.7625,0.1125,0.125,900,338,0.9437869822485208
exploration_epsilon_0.10,exploration,50,20260960,0.82,0.095,0.085,2400,337,0.9762611275964391
exploration_epsilon_0.10,exploration,51,20260961,0.795,0.0775,0.1275,1500,338,0.9762611275964391
exploration_epsilon_0.10,exploration,52,20260962,0.795,0.0925,0.1125,2100,338,0.9615384615384616
exploration_epsilon_0.10,exploration,53,20260963,0.8175,0.0925,0.09,1500,338,0.9526627218934911
exploration_epsilon_0.10,exploration,54,20260964,0.805,0.09,0.105,1200,337,0.9406528189910979
exploration_epsilon_0.10,exploration,55,20260965,0.825,0.08,0.095,1200,336,0.9553571428571429
exploration_epsilon_0.10,exploration,56,20260966,0.745,0.1325,0.1225,2400,338,0.9378698224852071
exploration_epsilon_0.10,exploration,57,20260967,0.7775,0.12,0.1025,2100,338,0.9467455621301775
exploration_epsilon_0.10,exploration,58,20260968,0.7575,0.0925,0.15,600,338,0.9733727810650887
exploration_epsilon_0.10,exploration,59,20260969,0.7775,0.11,0.1125,1800,337,0.9465875370919882
exploration_epsilon_0.10,exploration,60,20260970,0.8,0.0725,0.1275,2100,338,0.9526627218934911
exploration_epsilon_0.10,exploration,61,20260971,0.83,0.0875,0.0825,2400,337,0.9376854599406528
exploration_epsilon_0.10,exploration,62,20260972,0.7875,0.0875,0.125,1800,336,0.9464285714285714
exploration_epsilon_0.10,exploration,63,20260973,0.8325,0.0675,0.1,2400,338,0.9674556213017751
exploration_epsilon_0.10,exploration,64,20260974,0.7725,0.1,0.1275,1800,338,0.9437869822485208
exploration_epsilon_0.10,exploration,65,20260975,0.7775,0.0925,0.13,1500,338,0.9467455621301775
exploration_epsilon_0.10,exploration,66,20260976,0.825,0.0775,0.0975,2400,338,0.9406528189910979
exploration_epsilon_0.10,exploration,67,20260977,0.7875,0.09,0.1225,1200,337,0.9495548961424333
exploration_epsilon_0.10,exploration,68,20260978,0.7775,0.0875,0.135,1800,338,0.9554896142433235
exploration_epsilon_0.10,exploration,69,20260979,0.75,0.1075,0.1425,2100,337,0.9554896142433235
exploration_epsilon_0.10,exploration,70,20260980,0.7625,0.1,0.1375,1200,337,0.9522388059701492
exploration_epsilon_0.10,exploration,71,20260981,0.82,0.1,0.08,2700,338,0.9408284023668639
exploration_epsilon_0.10,exploration,72,20260982,0.8325,0.0875,0.08,2700,338,0.9556213017751479
exploration_epsilon_0.10,exploration,73,20260983,0.815,0.09,0.095,2100,338,0.9467455621301775
exploration_epsilon_0.10,exploration,74,20260984,0.7975,0.08,0.1225,2400,336,0.9464285714285714
exploration_epsilon_0.10,exploration,75,20260985,0.81,0.085,0.105,1500,336,0.9672619047619048
exploration_epsilon_0.10,exploration,76,20260986,0.815,0.09,0.095,1800,338,0.9437869822485208
exploration_epsilon_0.10,exploration,77,20260987,0.7825,0.1,0.1175,2700,337,0.9436201780415431
exploration_epsilon_0.10,exploration,78,20260988,0.775,0.12,0.105,2100,336,0.9553571428571429
exploration_epsilon_0.10,exploration,79,20260989,0.7625,0.1175,0.12,1500,338,0.9526627218934911
exploration_epsilon_0.10,exploration,80,20260990,0.7825,0.0825,0.135,1800,336,0.9464285714285714
exploration_epsilon_0.10,exploration,81,20260991,0.8025,0.0825,0.115,1800,335,0.9461077844311377
exploration_epsilon_0.10,exploration,82,20260992,0.765,0.08,0.155,2400,337,0.9584569732937686
exploration_epsilon_0.10,exploration,83,20260993,0.845,0.0775,0.0775,3000,337,0.9494047619047619
exploration_epsilon_0.10,exploration,84,20260994,0.81,0.08,0.11,2400,338,0.9585798816568047
exploration_epsilon_0.10,exploration,85,20260995,0.775,0.09,0.135,3000,337,0.9554896142433235
exploration_epsilon_0.10,exploration,86,20260996,0.7625,0.115,0.1225,1800,338,0.9556213017751479
exploration_epsilon_0.10,exploration,87,20260997,0.785,0.1125,0.1025,900,338,0.9553571428571429
exploration_epsilon_0.10,exploration,88,20260998,0.7725,0.0975,0.13,1500,337,0.9643916913946587
exploration_epsilon_0.10,exploration,89,20260999,0.7475,0.12,0.1325,3000,336,0.9523809523809523
exploration_epsilon_0.10,exploration,90,20261000,0.815,0.11,0.075,1500,338,0.9349112426035503
exploration_epsilon_0.10,exploration,91,20261001,0.81,0.0875,0.1025,1500,337,0.9553571428571429
exploration_epsilon_0.10,exploration,92,20261002,0.72,0.12,0.16,2700,338,0.9584569732937686
exploration_epsilon_0.10,exploration,93,20261003,0.7925,0.09,0.1175,3000,338,0.9584569732937686
exploration_epsilon_0.10,exploration,94,20261004,0.79,0.0925,0.1175,900,337,0.9525222551928784
exploration_epsilon_0.10,exploration,95,20261005,0.835,0.0825,0.0825,2400,335,0.9402985074626866
exploration_epsilon_0.10,exploration,96,20261006,0.7625,0.11,0.1275,900,338,0.9526627218934911
exploration_epsilon_0.10,exploration,97,20261007,0.76,0.12,0.12,2100,338,0.9408284023668639
exploration_epsilon_0.10,exploration,98,20261008,0.8125,0.06,0.1275,2400,336,0.9582089552238806
exploration_epsilon_0.10,exploration,99,20261009,0.77,0.1175,0.1125,1800,338,0.9408284023668639
exploration_epsilon_0.30,exploration,0,20260910,0.75,0.1125,0.1375,2400,338,0.9201183431952663
exploration_epsilon_0.30,exploration,1,20260911,0.785,0.105,0.11,2700,338,0.9319526627218935
exploration_epsilon_0.30,exploration,2,20260912,0.7825,0.0775,0.14,1800,338,0.9437869822485208
exploration_epsilon_0.30,exploration,3,20260913,0.7975,0.0975,0.105,3000,338,0.9319526627218935
exploration_epsilon_0.30,exploration,4,20260914,0.7775,0.0875,0.135,600,338,0.9319526627218935
exploration_epsilon_0.30,exploration,5,20260915,0.75,0.09,0.16,2400,338,0.9230769230769231
exploration_epsilon_0.30,exploration,6,20260916,0.7475,0.1125,0.14,1500,338,0.9349112426035503
exploration_epsilon_0.30,exploration,7,20260917,0.735,0.12,0.145,1200,338,0.9201183431952663
exploration_epsilon_0.30,exploration,8,20260918,0.755,0.13,0.115,1500,338,0.9112426035502958
exploration_epsilon_0.30,exploration,9,20260919,0.76,0.105,0.135,600,338,0.9408284023668639
exploration_epsilon_0.30,exploration,10,20260920,0.8175,0.0725,0.11,1200,337,0.9673590504451038
exploration_epsilon_0.30,exploration,11,20260921,0.745,0.12,0.135,1200,338,0.9349112426035503
exploration_epsilon_0.30,exploration,12,20260922,0.7575,0.1075,0.135,1800,338,0.9142011834319527
exploration_epsilon_0.30,exploration,13,20260923,0.8,0.0925,0.1075,1800,338,0.9319526627218935
exploration_epsilon_0.30,exploration,14,20260924,0.775,0.11,0.115,900,338,0.9408284023668639
exploration_epsilon_0.30,exploration,15,20260925,0.8,0.0825,0.1175,900,337,0.9317507418397626
exploration_epsilon_0.30,exploration,16,20260926,0.7775,0.105,0.1175,2100,338,0.9169139465875371
exploration_epsilon_0.30,exploration,17,20260927,0.73,0.1325,0.1375,1200,338,0.9112426035502958
exploration_epsilon_0.30,exploration,18,20260928,0.7475,0.1325,0.12,2700,338,0.9467455621301775
exploration_epsilon_0.30,exploration,19,20260929,0.7475,0.1025,0.15,600,338,0.9349112426035503
exploration_epsilon_0.30,exploration,20,20260930,0.795,0.0925,0.1125,1500,338,0.9644970414201184
exploration_epsilon_0.30,exploration,21,20260931,0.765,0.1025,0.1325,600,338,0.9437869822485208
exploration_epsilon_0.30,exploration,22,20260932,0.7975,0.085,0.1175,1200,338,0.9319526627218935
exploration_epsilon_0.30,exploration,23,20260933,0.74,0.1125,0.1475,2100,337,0.9347181008902077
exploration_epsilon_0.30,exploration,24,20260934,0.765,0.1025,0.1325,900,338,0.8994082840236687
exploration_epsilon_0.30,exploration,25,20260935,0.7725,0.1175,0.11,3000,338,0.9585798816568047
exploration_epsilon_0.30,exploration,26,20260936,0.765,0.0975,0.1375,2400,338,0.9497041420118343
exploration_epsilon_0.30,exploration,27,20260937,0.7375,0.1,0.1625,1500,338,0.9349112426035503
exploration_epsilon_0.30,exploration,28,20260938,0.76,0.1075,0.1325,1200,338,0.9467455621301775
exploration_epsilon_0.30,exploration,29,20260939,0.7925,0.09,0.1175,1500,338,0.9526627218934911
exploration_epsilon_0.30,exploration,30,20260940,0.805,0.075,0.12,2400,337,0.9347181008902077
exploration_epsilon_0.30,exploration,31,20260941,0.815,0.085,0.1,1800,337,0.9376854599406528
exploration_epsilon_0.30,exploration,32,20260942,0.78,0.0975,0.1225,1200,338,0.9497041420118343
exploration_epsilon_0.30,exploration,33,20260943,0.805,0.1025,0.0925,1500,338,0.9349112426035503
exploration_epsilon_0.30,exploration,34,20260944,0.79,0.1,0.11,1500,338,0.9053254437869822
exploration_epsilon_0.30,exploration,35,20260945,0.8075,0.0725,0.12,2700,337,0.9347181008902077
exploration_epsilon_0.30,exploration,36,20260946,0.785,0.08,0.135,2400,338,0.9349112426035503
exploration_epsilon_0.30,exploration,37,20260947,0.7825,0.1,0.1175,2100,338,0.9467455621301775
exploration_epsilon_0.30,exploration,38,20260948,0.76,0.105,0.135,2700,338,0.9349112426035503
exploration_epsilon_0.30,exploration,39,20260949,0.78,0.1025,0.1175,1200,338,0.9378698224852071
exploration_epsilon_0.30,exploration,40,20260950,0.74,0.1425,0.1175,1200,338,0.9349112426035503
exploration_epsilon_0.30,exploration,41,20260951,0.7675,0.11,0.1225,300,338,0.9408284023668639
exploration_epsilon_0.30,exploration,42,20260952,0.7975,0.08,0.1225,1800,338,0.9260355029585798
exploration_epsilon_0.30,exploration,43,20260953,0.7475,0.11,0.1425,2100,338,0.9378698224852071
exploration_epsilon_0.30,exploration,44,20260954,0.8025,0.0925,0.105,2400,338,0.9497041420118343
exploration_epsilon_0.30,exploration,45,20260955,0.7625,0.1075,0.13,1500,337,0.9494047619047619
exploration_epsilon_0.30,exploration,46,20260956,0.76,0.1,0.14,1200,338,0.9467455621301775
exploration_epsilon_0.30,exploration,47,20260957,0.8,0.095,0.105,2400,338,0.9437869822485208
exploration_epsilon_0.30,exploration,48,20260958,0.775,0.095,0.13,2100,338,0.9230769230769231
exploration_epsilon_0.30,exploration,49,20260959,0.8025,0.0725,0.125,3000,338,0.9349112426035503
exploration_epsilon_0.30,exploration,50,20260960,0.8025,0.08,0.1175,1200,338,0.9497041420118343
exploration_epsilon_0.30,exploration,51,20260961,0.7675,0.105,0.1275,2400,338,0.9201183431952663
exploration_epsilon_0.30,exploration,52,20260962,0.76,0.085,0.155,2100,338,0.9260355029585798
exploration_epsilon_0.30,exploration,53,20260963,0.7975,0.0975,0.105,1200,338,0.9289940828402367
exploration_epsilon_0.30,exploration,54,20260964,0.785,0.1275,0.0875,2100,337,0.9554896142433235
exploration_epsilon_0.30,exploration,55,20260965,0.78,0.1275,0.0925,900,338,0.9437869822485208
exploration_epsilon_0.30,exploration,56,20260966,0.8,0.0875,0.1125,900,337,0.9228486646884273
exploration_epsilon_0.30,exploration,57,20260967,0.755,0.115,0.13,2100,338,0.9497041420118343
exploration_epsilon_0.30,exploration,58,20260968,0.7675,0.11,0.1225,1200,338,0.9289940828402367
exploration_epsilon_0.30,exploration,59,20260969,0.7475,0.0925,0.16,900,338,0.9437869822485208
exploration_epsilon_0.30,exploration,60,20260970,0.785,0.0975,0.1175,1800,338,0.9349112426035503
exploration_epsilon_0.30,exploration,61,20260971,0.76,0.1025,0.1375,2400,338,0.9378698224852071
exploration_epsilon_0.30,exploration,62,20260972,0.805,0.07,0.125,900,338,0.9112426035502958
exploration_epsilon_0.30,exploration,63,20260973,0.735,0.115,0.15,1500,338,0.9201183431952663
exploration_epsilon_0.30,exploration,64,20260974,0.7975,0.0975,0.105,900,337,0.9525222551928784
exploration_epsilon_0.30,exploration,65,20260975,0.7675,0.1,0.1325,2100,338,0.9467455621301775
exploration_epsilon_0.30,exploration,66,20260976,0.7525,0.095,0.1525,900,338,0.9319526627218935
exploration_epsilon_0.30,exploration,67,20260977,0.7775,0.0725,0.15,1200,338,0.9319526627218935
exploration_epsilon_0.30,exploration,68,20260978,0.7325,0.1025,0.165,2700,338,0.9437869822485208
exploration_epsilon_0.30,exploration,69,20260979,0.81,0.09,0.1,900,338,0.9201183431952663
exploration_epsilon_0.30,exploration,70,20260980,0.7975,0.095,0.1075,900,337,0.9050445103857567
exploration_epsilon_0.30,exploration,71,20260981,0.7475,0.0975,0.155,2700,338,0.9230769230769231
exploration_epsilon_0.30,exploration,72,20260982,0.79,0.1175,0.0925,1500,338,0.9467455621301775
exploration_epsilon_0.30,exploration,73,20260983,0.77,0.095,0.135,1200,338,0.9260355029585798
exploration_epsilon_0.30,exploration,74,20260984,0.805,0.085,0.11,2100,338,0.9408284023668639
exploration_epsilon_0.30,exploration,75,20260985,0.78,0.11,0.11,2100,338,0.9319526627218935
exploration_epsilon_0.30,exploration,76,20260986,0.765,0.1175,0.1175,2400,337,0.9584569732937686
exploration_epsilon_0.30,exploration,77,20260987,0.75,0.1025,0.1475,1800,338,0.9053254437869822
exploration_epsilon_0.30,exploration,78,20260988,0.7575,0.115,0.1275,1800,338,0.9408284023668639
exploration_epsilon_0.30,exploration,79,20260989,0.7875,0.095,0.1175,1200,338,0.9556213017751479
exploration_epsilon_0.30,exploration,80,20260990,0.79,0.11,0.1,2100,338,0.9406528189910979
exploration_epsilon_0.30,exploration,81,20260991,0.78,0.0875,0.1325,1200,338,0.9556213017751479
exploration_epsilon_0.30,exploration,82,20260992,0.7675,0.11,0.1225,1800,338,0.9556213017751479
exploration_epsilon_0.30,exploration,83,20260993,0.78,0.11,0.11,1500,337,0.9255952380952381
exploration_epsilon_0.30,exploration,84,20260994,0.815,0.075,0.11,1200,338,0.9585798816568047
exploration_epsilon_0.30,exploration,85,20260995,0.7925,0.0975,0.11,2100,338,0.9378698224852071
exploration_epsilon_0.30,exploration,86,20260996,0.7975,0.0825,0.12,1500,338,0.9260355029585798
exploration_epsilon_0.30,exploration,87,20260997,0.745,0.145,0.11,1800,338,0.9349112426035503
exploration_epsilon_0.30,exploration,88,20260998,0.8125,0.0825,0.105,1800,338,0.9201183431952663
exploration_epsilon_0.30,exploration,89,20260999,0.7675,0.085,0.1475,1800,338,0.9497041420118343
exploration_epsilon_0.30,exploration,90,20261000,0.7775,0.0975,0.125,2700,338,0.9349112426035503
exploration_epsilon_0.30,exploration,91,20261001,0.76,0.11,0.13,2100,338,0.9526627218934911
exploration_epsilon_0.30,exploration,92,20261002,0.8275,0.0725,0.1,600,338,0.9526627218934911
exploration_epsilon_0.30,exploration,93,20261003,0.755,0.1,0.145,2700,338,0.9437869822485208
exploration_epsilon_0.30,exploration,94,20261004,0.78,0.0875,0.1325,1500,338,0.9112426035502958
exploration_epsilon_0.30,exploration,95,20261005,0.7825,0.1,0.1175,1500,338,0.9674556213017751
exploration_epsilon_0.30,exploration,96,20261006,0.78,0.085,0.135,1500,338,0.9497041420118343
exploration_epsilon_0.30,exploration,97,20261007,0.72,0.1425,0.1375,1200,338,0.9378698224852071
exploration_epsilon_0.30,exploration,98,20261008,0.775,0.1225,0.1025,1200,338,0.9319526627218935
exploration_epsilon_0.30,exploration,99,20261009,0.7425,0.105,0.1525,1800,338,0.9112426035502958
symmetry_off,symmetry,0,20260910,0.6425,0.1375,0.22,1500,2198,0.9524031731217919
symmetry_off,symmetry,1,20260911,0.75,0.125,0.125,2400,1972,0.9728175640355463
symmetry_off,symmetry,2,20260912,0.725,0.1175,0.1575,3000,2171,0.9562558795860772
symmetry_off,symmetry,3,20260913,0.76,0.11,0.13,600,1898,0.962171052631579
symmetry_off,symmetry,4,20260914,0.7225,0.1075,0.17,1500,2097,0.9610837438423645
symmetry_off,symmetry,5,20260915,0.66,0.125,0.215,600,2146,0.9604819277108434
symmetry_off,symmetry,6,20260916,0.68,0.1125,0.2075,300,2240,0.9572217111315547
symmetry_off,symmetry,7,20260917,0.7075,0.1075,0.185,1200,2129,0.9508670520231214
symmetry_off,symmetry,8,20260918,0.75,0.115,0.135,1500,2162,0.9569995222169135
symmetry_off,symmetry,9,20260919,0.715,0.1,0.185,2700,2173,0.9577999051683262
symmetry_off,symmetry,10,20260920,0.71,0.09,0.2,1800,2066,0.9585621567648527
symmetry_off,symmetry,11,20260921,0.7175,0.1075,0.175,1200,2137,0.9570877531340405
symmetry_off,symmetry,12,20260922,0.7175,0.1025,0.18,2400,1912,0.957631721890277
symmetry_off,symmetry,13,20260923,0.6875,0.1375,0.175,1800,2112,0.9558823529411765
symmetry_off,symmetry,14,20260924,0.6975,0.1075,0.195,1200,2151,0.9656160458452722
symmetry_off,symmetry,15,20260925,0.6375,0.12,0.2425,3000,2292,0.9499776686020545
symmetry_off,symmetry,16,20260926,0.71,0.095,0.195,900,2089,0.9499263622974963
symmetry_off,symmetry,17,20260927,0.69,0.1175,0.1925,1200,2206,0.9565420560747664
symmetry_off,symmetry,18,20260928,0.6725,0.1075,0.22,2100,2196,0.9441314553990611
symmetry_off,symmetry,19,20260929,0.6875,0.105,0.2075,600,1975,0.9629822732012513
symmetry_off,symmetry,20,20260930,0.7725,0.1,0.1275,900,1606,0.962532299741602
symmetry_off,symmetry,21,20260931,0.7175,0.105,0.1775,2100,2101,0.956436612824278
symmetry_off,symmetry,22,20260932,0.6575,0.13,0.2125,2400,2231,0.9579870729455217
symmetry_off,symmetry,23,20260933,0.69,0.13,0.18,1500,2184,0.9508656995788488
symmetry_off,symmetry,24,20260934,0.6575,0.15,0.1925,2700,2192,0.9507735583684951
symmetry_off,symmetry,25,20260935,0.6475,0.13,0.2225,1500,2271,0.9534147444595206
symmetry_off,symmetry,26,20260936,0.6925,0.1225,0.185,1800,2165,0.9577197149643706
symmetry_off,symmetry,27,20260937,0.73,0.1075,0.1625,1200,2002,0.9588755856324831
symmetry_off,symmetry,28,20260938,0.72,0.0975,0.1825,3000,2236,0.9547945205479452
symmetry_off,symmetry,29,20260939,0.78,0.08,0.14,3000,1998,0.9597938144329897
symmetry_off,symmetry,30,20260940,0.6725,0.1175,0.21,3000,2135,0.9553181155900923
symmetry_off,symmetry,31,20260941,0.735,0.1025,0.1625,1200,2142,0.958273381294964
symmetry_off,symmetry,32,20260942,0.7125,0.105,0.1825,900,2233,0.9485294117647058
symmetry_off,symmetry,33,20260943,0.775,0.1075,0.1175,900,1790,0.9622751015670342
symmetry_off,symmetry,34,20260944,0.695,0.1175,0.1875,2100,1907,0.9631236442516269
symmetry_off,symmetry,35,20260945,0.7025,0.13,0.1675,2100,2190,0.958137347130762
symmetry_off,symmetry,36,20260946,0.685,0.13,0.185,3000,1998,0.9533678756476683
symmetry_off,symmetry,37,20260947,0.75,0.085,0.165,2700,1979,0.9639309984317825
symmetry_off,symmetry,38,20260948,0.725,0.11,0.165,1200,2129,0.9616690926734595
symmetry_off,symmetry,39,20260949,0.7325,0.1025,0.165,2400,1883,0.9713182570325427
symmetry_off,symmetry,40,20260950,0.7025,0.125,0.1725,300,2191,0.9590973201692524
symmetry_off,symmetry,41,20260951,0.6925,0.1075,0.2,900,2043,0.958966565349544
symmetry_off,symmetry,42,20260952,0.6825,0.11,0.2075,300,2225,0.9491211840888066
symmetry_off,symmetry,43,20260953,0.68,0.0975,0.2225,2100,2244,0.9511070110701108
symmetry_off,symmetry,44,20260954,0.63,0.1325,0.2375,600,2150,0.956480605487228
symmetry_off,symmetry,45,20260955,0.695,0.125,0.18,2100,2115,0.9581100828056502
symmetry_off,symmetry,46,20260956,0.725,0.0825,0.1925,1200,2279,0.9615040286481648
symmetry_off,symmetry,47,20260957,0.6875,0.115,0.1975,1800,2264,0.9484629294755877
symmetry_off,symmetry,48,20260958,0.6925,0.115,0.1925,3000,2217,0.9537892791127541
symmetry_off,symmetry,49,20260959,0.75,0.09,0.16,1800,2193,0.9540553211439288
symmetry_off,symmetry,50,20260960,0.6925,0.1325,0.175,900,2248,0.9528130671506352
symmetry_off,symmetry,51,20260961,0.6875,0.11,0.2025,1800,2234,0.9487060998151571
symmetry_off,symmetry,52,20260962,0.6625,0.1625,0.175,2100,2123,0.9596891694997571
symmetry_off,symmetry,53,20260963,0.7125,0.0925,0.195,3000,2157,0.9495958155016643
symmetry_off,symmetry,54,20260964,0.6575,0.11,0.2325,600,2250,0.9584095063985375
symmetry_off,symmetry,55,20260965,0.7475,0.095,0.1575,2400,1958,0.9597030752916225
symmetry_off,symmetry,56,20260966,0.6675,0.1475,0.185,600,2256,0.9551020408163265
symmetry_off,symmetry,57,20260967,0.6925,0.115,0.1925,1500,2134,0.9566055930568949
symmetry_off,symmetry,58,20260968,0.7125,0.115,0.1725,1500,1800,0.9549086757990868
symmetry_off,symmetry,59,20260969,0.6325,0.125,0.2425,1200,2249,0.956778889899909
symmetry_off,symmetry,60,20260970,0.7675,0.1025,0.13,1800,1873,0.964167585446527
symmetry_off,symmetry,61,20260971,0.6675,0.12,0.2125,3000,2177,0.9623529411764706
symmetry_off,symmetry,62,20260972,0.67,0.115,0.215,600,2149,0.9583532790809
symmetry_off,symmetry,63,20260973,0.68,0.1225,0.1975,1500,2179,0.9484389782403028
symmetry_off,symmetry,64,20260974,0.695,0.1075,0.1975,2100,2098,0.9537401574803149
symmetry_off,symmetry,65,20260975,0.735,0.1225,0.1425,2700,2104,0.9526829268292683
symmetry_off,symmetry,66,20260976,0.7275,0.1425,0.13,2400,2067,0.96274217585693
symmetry_off,symmetry,67,20260977,0.7075,0.105,0.1875,2100,2077,0.9535696455317024
symmetry_off,symmetry,68,20260978,0.6725,0.12,0.2075,300,2127,0.9544131910766246
symmetry_off,symmetry,69,20260979,0.6975,0.115,0.1875,1800,1999,0.952232606438214
symmetry_off,symmetry,70,20260980,0.75,0.0975,0.1525,1800,2040,0.9677749360613811
symmetry_off,symmetry,71,20260981,0.6725,0.1325,0.195,300,2234,0.954398894518655
symmetry_off,symmetry,72,20260982,0.72,0.1075,0.1725,2100,2073,0.9657775541016608
symmetry_off,symmetry,73,20260983,0.7725,0.0725,0.155,3000,1960,0.9602718243596445
symmetry_off,symmetry,74,20260984,0.69,0.1,0.21,2100,2194,0.956868260665729
symmetry_off,symmetry,75,20260985,0.725,0.1,0.175,1500,2184,0.953117674636662
symmetry_off,symmetry,76,20260986,0.7075,0.1075,0.185,1500,2241,0.9525979945305378
symmetry_off,symmetry,77,20260987,0.72,0.1275,0.1525,300,2094,0.9667823500247893
symmetry_off,symmetry,78,20260988,0.63,0.145,0.225,1500,2263,0.9494074749316317
symmetry_off,symmetry,79,20260989,0.7275,0.105,0.1675,2400,2020,0.9658163265306122
symmetry_off,symmetry,80,20260990,0.695,0.14,0.165,2100,1807,0.9556061468412066
symmetry_off,symmetry,81,20260991,0.735,0.115,0.15,1800,2113,0.9612965650701499
symmetry_off,symmetry,82,20260992,0.635,0.14,0.225,2100,2263,0.9529411764705882
symmetry_off,symmetry,83,20260993,0.7,0.115,0.185,2100,2218,0.960702727693019
symmetry_off,symmetry,84,20260994,0.6825,0.135,0.1825,1500,2187,0.9600563909774437
symmetry_off,symmetry,85,20260995,0.74,0.1125,0.1475,2400,1994,0.9620582120582121
symmetry_off,symmetry,86,20260996,0.7125,0.1175,0.17,900,2152,0.9534772182254196
symmetry_off,symmetry,87,20260997,0.705,0.135,0.16,1200,1952,0.958223162347964
symmetry_off,symmetry,88,20260998,0.6875,0.125,0.1875,900,2135,0.9543707973102786
symmetry_off,symmetry,89,20260999,0.75,0.085,0.165,2700,2143,0.9599614085865895
symmetry_off,symmetry,90,20261000,0.715,0.1275,0.1575,1200,2221,0.9499304589707928
symmetry_off,symmetry,91,20261001,0.6525,0.1525,0.195,600,2304,0.9495575221238938
symmetry_off,symmetry,92,20261002,0.6825,0.145,0.1725,1200,2170,0.9576795054683785
symmetry_off,symmetry,93,20261003,0.675,0.115,0.21,2100,2136,0.9491362763915547
symmetry_off,symmetry,94,20261004,0.6625,0.1225,0.215,2400,2105,0.9620253164556962
symmetry_off,symmetry,95,20261005,0.6675,0.1,0.2325,2400,2192,0.9565627950897073
symmetry_off,symmetry,96,20261006,0.75,0.0825,0.1675,600,2216,0.9545875810936052
symmetry_off,symmetry,97,20261007,0.76,0.0925,0.1475,1200,1910,0.961038961038961
symmetry_off,symmetry,98,20261008,0.71,0.1075,0.1825,3000,2240,0.9579524680073126
symmetry_off,symmetry,99,20261009,0.68,0.1,0.22,1800,2164,0.9603586597451628
opponent_self_play,opponent,0,20260910,0.8175,0.105,0.0775,1500,337,0.9672619047619048
opponent_self_play,opponent,1,20260911,0.79,0.0875,0.1225,1500,326,0.9722222222222222
opponent_self_play,opponent,2,20260912,0.815,0.1275,0.0575,1200,338,0.9704142011834319
opponent_self_play,opponent,3,20260913,0.8125,0.0925,0.095,2400,338,0.9644970414201184
opponent_self_play,opponent,4,20260914,0.8475,0.0825,0.07,1800,337,0.9643916913946587
opponent_self_play,opponent,5,20260915,0.865,0.065,0.07,1500,333,0.987987987987988
opponent_self_play,opponent,6,20260916,0.8175,0.0875,0.095,900,338,0.9704142011834319
opponent_self_play,opponent,7,20260917,0.81,0.105,0.085,600,338,0.9673590504451038
opponent_self_play,opponent,8,20260918,0.8075,0.0775,0.115,2100,337,0.9821428571428571
opponent_self_play,opponent,9,20260919,0.7825,0.12,0.0975,1800,338,0.9763313609467456
opponent_self_play,opponent,10,20260920,0.7825,0.1025,0.115,2100,337,0.9613095238095238
opponent_self_play,opponent,11,20260921,0.7825,0.1075,0.11,1800,338,0.9851190476190477
opponent_self_play,opponent,12,20260922,0.805,0.085,0.11,2400,337,0.9762611275964391
opponent_self_play,opponent,13,20260923,0.805,0.11,0.085,900,338,0.9733727810650887
opponent_self_play,opponent,14,20260924,0.81,0.105,0.085,2400,338,0.973293768545994
opponent_self_play,opponent,15,20260925,0.865,0.08,0.055,600,316,0.9904761904761905
opponent_self_play,opponent,16,20260926,0.835,0.0975,0.0675,2700,337,0.9792284866468842
opponent_self_play,opponent,17,20260927,0.8675,0.07,0.0625,600,334,0.9820359281437125
opponent_self_play,opponent,18,20260928,0.8075,0.085,0.1075,2100,336,0.9701492537313433
opponent_self_play,opponent,19,20260929,0.8175,0.095,0.0875,1500,338,0.9822485207100592
opponent_self_play,opponent,20,20260930,0.7275,0.14,0.1325,1800,337,0.9643916913946587
opponent_self_play,opponent,21,20260931,0.8675,0.065,0.0675,1500,337,0.9583333333333334
opponent_self_play,opponent,22,20260932,0.8475,0.085,0.0675,1500,337,0.9762611275964391
opponent_self_play,opponent,23,20260933,0.7925,0.085,0.1225,1200,332,0.9697885196374623
opponent_self_play,opponent,24,20260934,0.7675,0.1025,0.13,1200,338,0.9643916913946587
opponent_self_play,opponent,25,20260935,0.81,0.075,0.115,3000,336,0.9701492537313433
opponent_self_play,opponent,26,20260936,0.825,0.08,0.095,1500,335,0.9791044776119403
opponent_self_play,opponent,27,20260937,0.7975,0.1125,0.09,1200,336,0.9880952380952381
opponent_self_play,opponent,28,20260938,0.775,0.1275,0.0975,1500,338,0.9911242603550295
opponent_self_play,opponent,29,20260939,0.8525,0.0725,0.075,2100,337,0.9582089552238806
opponent_self_play,opponent,30,20260940,0.83,0.1025,0.0675,1200,337,0.9672619047619048
opponent_self_play,opponent,31,20260941,0.8175,0.0875,0.095,600,337,0.9762611275964391
opponent_self_play,opponent,32,20260942,0.85,0.08,0.07,2400,336,0.9761194029850746
opponent_self_play,opponent,33,20260943,0.785,0.1025,0.1125,900,337,0.9643916913946587
opponent_self_play,opponent,34,20260944,0.8,0.11,0.09,1800,336,0.9642857142857143
opponent_self_play,opponent,35,20260945,0.8725,0.0625,0.065,1500,332,0.9848942598187311
opponent_self_play,opponent,36,20260946,0.74,0.105,0.155,1500,338,0.9673590504451038
opponent_self_play,opponent,37,20260947,0.8325,0.0875,0.08,1200,337,0.9762611275964391
opponent_self_play,opponent,38,20260948,0.82,0.0875,0.0925,1800,335,0.9492537313432836
opponent_self_play,opponent,39,20260949,0.83,0.09,0.08,900,337,0.9881305637982196
opponent_self_play,opponent,40,20260950,0.7925,0.105,0.1025,1500,338,0.9671641791044776
opponent_self_play,opponent,41,20260951,0.85,0.075,0.075,2400,336,0.9761904761904762
opponent_self_play,opponent,42,20260952,0.8425,0.1025,0.055,900,335,0.9790419161676647
opponent_self_play,opponent,43,20260953,0.84,0.0825,0.0775,1500,338,0.973293768545994
opponent_self_play,opponent,44,20260954,0.85,0.07,0.08,2700,337,0.9673590504451038
opponent_self_play,opponent,45,20260955,0.855,0.065,0.08,2100,338,0.9674556213017751
opponent_self_play,opponent,46,20260956,0.75,0.145,0.105,1500,337,0.9851190476190477
opponent_self_play,opponent,47,20260957,0.835,0.095,0.07,900,335,0.9701492537313433
opponent_self_play,opponent,48,20260958,0.8575,0.0825,0.06,900,336,0.9791044776119403
opponent_self_play,opponent,49,20260959,0.835,0.095,0.07,2700,338,0.9408284023668639
opponent_self_play,opponent,50,20260960,0.81,0.0825,0.1075,900,338,0.9822485207100592
opponent_self_play,opponent,51,20260961,0.815,0.12,0.065,900,338,0.9674556213017751
opponent_self_play,opponent,52,20260962,0.8625,0.065,0.0725,1500,337,0.9673590504451038
opponent_self_play,opponent,53,20260963,0.83,0.095,0.075,2100,326,0.9783950617283951
opponent_self_play,opponent,54,20260964,0.7975,0.1325,0.07,1500,336,0.9851190476190477
opponent_self_play,opponent,55,20260965,0.8225,0.1025,0.075,2400,337,0.9584569732937686
opponent_self_play,opponent,56,20260966,0.825,0.0825,0.0925,900,334,0.9759036144578314
opponent_self_play,opponent,57,20260967,0.805,0.1125,0.0825,1800,338,0.9585798816568047
opponent_self_play,opponent,58,20260968,0.8,0.0775,0.1225,600,337,0.9792284866468842
opponent_self_play,opponent,59,20260969,0.7925,0.1075,0.1,600,329,0.9756838905775076
opponent_self_play,opponent,60,20260970,0.81,0.085,0.105,3000,337,0.9643916913946587
opponent_self_play,opponent,61,20260971,0.8275,0.095,0.0775,900,336,0.9613095238095238
opponent_self_play,opponent,62,20260972,0.795,0.09,0.115,900,338,0.9822485207100592
opponent_self_play,opponent,63,20260973,0.8225,0.085,0.0925,1800,338,0.9822485207100592
opponent_self_play,opponent,64,20260974,0.8425,0.0975,0.06,1200,334,0.9819277108433735
opponent_self_play,opponent,65,20260975,0.76,0.13,0.11,3000,337,0.9614243323442137
opponent_self_play,opponent,66,20260976,0.82,0.11,0.07,1200,336,0.9821428571428571
opponent_self_play,opponent,67,20260977,0.7675,0.11,0.1225,2700,338,0.9704142011834319
opponent_self_play,opponent,68,20260978,0.8475,0.0975,0.055,1200,335,0.9701492537313433
opponent_self_play,opponent,69,20260979,0.8125,0.095,0.0925,2100,337,0.9703264094955489
opponent_self_play,opponent,70,20260980,0.8575,0.085,0.0575,2400,337,0.9762611275964391
opponent_self_play,opponent,71,20260981,0.8225,0.0875,0.09,1500,335,0.9761194029850746
opponent_self_play,opponent,72,20260982,0.8375,0.11,0.0525,1200,336,0.9731343283582089
opponent_self_play,opponent,73,20260983,0.7925,0.1175,0.09,1800,337,0.9732142857142857
opponent_self_play,opponent,74,20260984,0.8125,0.0975,0.09,900,332,0.9849397590361446
opponent_self_play,opponent,75,20260985,0.7725,0.11,0.1175,600,336,0.9672619047619048
opponent_self_play,opponent,76,20260986,0.815,0.105,0.08,2400,334,0.9700598802395209
opponent_self_play,opponent,77,20260987,0.81,0.12,0.07,900,338,0.9615384615384616
opponent_self_play,opponent,78,20260988,0.81,0.115,0.075,1800,333,0.9698795180722891
opponent_self_play,opponent,79,20260989,0.7575,0.1225,0.12,600,337,0.9731343283582089
opponent_self_play,opponent,80,20260990,0.7975,0.1125,0.09,1500,336,0.9732142857142857
opponent_self_play,opponent,81,20260991,0.78,0.13,0.09,2400,337,0.9850746268656716
opponent_self_play,opponent,82,20260992,0.8075,0.115,0.0775,900,336,0.9761904761904762
opponent_self_play,opponent,83,20260993,0.8525,0.0725,0.075,900,336,0.9641791044776119
opponent_self_play,opponent,84,20260994,0.8775,0.07,0.0525,900,337,0.9792284866468842
opponent_self_play,opponent,85,20260995,0.8575,0.065,0.0775,1200,337,0.9791666666666666
opponent_self_play,opponent,86,20260996,0.7925,0.0925,0.115,2400,338,0.9704142011834319
opponent_self_play,opponent,87,20260997,0.7375,0.0975,0.165,600,335,0.9701492537313433
opponent_self_play,opponent,88,20260998,0.86,0.0775,0.0625,1200,337,0.973293768545994
opponent_self_play,opponent,89,20260999,0.7975,0.095,0.1075,1200,338,0.9554896142433235
opponent_self_play,opponent,90,20261000,0.825,0.105,0.07,600,337,0.9910979228486647
opponent_self_play,opponent,91,20261001,0.825,0.1,0.075,2100,338,0.973293768545994
opponent_self_play,opponent,92,20261002,0.8025,0.1075,0.09,900,338,0.9851190476190477
opponent_self_play,opponent,93,20261003,0.8,0.1225,0.0775,2400,338,0.9554896142433235
opponent_self_play,opponent,94,20261004,0.88,0.0675,0.0525,2700,337,0.9821958456973294
opponent_self_play,opponent,95,20261005,0.8275,0.09,0.0825,1500,338,0.9614243323442137
opponent_self_play,opponent,96,20261006,0.78,0.105,0.115,2400,338,0.9792899408284024
opponent_self_play,opponent,97,20261007,0.8475,0.0975,0.055,900,336,0.9732142857142857
opponent_self_play,opponent,98,20261008,0.8525,0.08,0.0675,2100,338,0.973293768545994
opponent_self_play,opponent,99,20261009,0.84,0.0875,0.0725,2700,338,0.973293768545994
opponent_minimax,opponent,0,20260910,0.6175,0.1125,0.27,1500,297,1.0
opponent_minimax,opponent,1,20260911,0.6,0.1225,0.2775,300,299,0.9932203389830508
opponent_minimax,opponent,2,20260912,0.5875,0.1725,0.24,300,337,0.9970238095238095
opponent_minimax,opponent,3,20260913,0.585,0.125,0.29,300,298,1.0
opponent_minimax,opponent,4,20260914,0.6575,0.1425,0.2,300,315,0.9935275080906149
opponent_minimax,opponent,5,20260915,0.5425,0.18,0.2775,3000,304,1.0
opponent_minimax,opponent,6,20260916,0.5825,0.165,0.2525,300,302,0.9933110367892977
opponent_minimax,opponent,7,20260917,0.59,0.1775,0.2325,300,309,1.0
opponent_minimax,opponent,8,20260918,0.565,0.175,0.26,300,328,0.9969325153374233
opponent_minimax,opponent,9,20260919,0.5725,0.1425,0.285,2400,291,1.0
opponent_minimax,opponent,10,20260920,0.665,0.0925,0.2425,300,336,1.0
opponent_minimax,opponent,11,20260921,0.7275,0.1575,0.115,300,265,0.9961089494163424
opponent_minimax,opponent,12,20260922,0.605,0.115,0.28,300,293,1.0
opponent_minimax,opponent,13,20260923,0.5625,0.1575,0.28,300,298,0.9966329966329966
opponent_minimax,opponent,14,20260924,0.715,0.1425,0.1425,300,263,0.996078431372549
opponent_minimax,opponent,15,20260925,0.585,0.1675,0.2475,300,300,1.0
opponent_minimax,opponent,16,20260926,0.6,0.14,0.26,1200,299,0.9966555183946488
opponent_minimax,opponent,17,20260927,0.7025,0.1525,0.145,300,231,0.990909090909091
opponent_minimax,opponent,18,20260928,0.6825,0.1575,0.16,600,250,1.0
opponent_minimax,opponent,19,20260929,0.59,0.155,0.255,300,300,0.9966666666666667
opponent_minimax,opponent,20,20260930,0.62,0.125,0.255,2400,323,1.0
opponent_minimax,opponent,21,20260931,0.555,0.1325,0.3125,300,301,0.9966555183946488
opponent_minimax,opponent,22,20260932,0.6625,0.1525,0.185,1200,327,0.996875
opponent_minimax,opponent,23,20260933,0.5775,0.14,0.2825,3000,333,1.0
opponent_minimax,opponent,24,20260934,0.6075,0.1925,0.2,300,310,0.9903225806451613
opponent_minimax,opponent,25,20260935,0.695,0.1275,0.1775,300,300,1.0
opponent_minimax,opponent,26,20260936,0.615,0.1025,0.2825,900,296,1.0
opponent_minimax,opponent,27,20260937,0.5475,0.1525,0.3,300,311,0.9967637540453075
opponent_minimax,opponent,28,20260938,0.6175,0.145,0.2375,1500,337,1.0
opponent_minimax,opponent,29,20260939,0.5875,0.1525,0.26,300,304,1.0
opponent_minimax,opponent,30,20260940,0.6,0.16,0.24,2400,309,1.0
opponent_minimax,opponent,31,20260941,0.6025,0.105,0.2925,600,303,0.9966887417218543
opponent_minimax,opponent,32,20260942,0.635,0.1125,0.2525,300,298,1.0
opponent_minimax,opponent,33,20260943,0.57,0.165,0.265,300,300,1.0
opponent_minimax,opponent,34,20260944,0.715,0.1425,0.1425,300,307,0.9965986394557823
opponent_minimax,opponent,35,20260945,0.5425,0.18,0.2775,2700,292,0.9965753424657534
opponent_minimax,opponent,36,20260946,0.72,0.155,0.125,1500,281,1.0
opponent_minimax,opponent,37,20260947,0.585,0.145,0.27,3000,322,1.0
opponent_minimax,opponent,38,20260948,0.555,0.1475,0.2975,300,298,1.0
opponent_minimax,opponent,39,20260949,0.6625,0.1625,0.175,300,208,1.0
opponent_minimax,opponent,40,20260950,0.5825,0.155,0.2625,300,297,1.0
opponent_minimax,opponent,41,20260951,0.545,0.14,0.315,300,310,1.0
opponent_minimax,opponent,42,20260952,0.585,0.1675,0.2475,300,301,0.99
opponent_minimax,opponent,43,20260953,0.5875,0.13,0.2825,1500,335,0.9939759036144579
opponent_minimax,opponent,44,20260954,0.6075,0.145,0.2475,300,326,0.9969135802469136
opponent_minimax,opponent,45,20260955,0.5675,0.165,0.2675,300,306,0.9967105263157895
opponent_minimax,opponent,46,20260956,0.69,0.1425,0.1675,300,294,1.0
opponent_minimax,opponent,47,20260957,0.6425,0.13,0.2275,300,316,1.0
opponent_minimax,opponent,48,20260958,0.62,0.1325,0.2475,300,292,0.9965753424657534
opponent_minimax,opponent,49,20260959,0.6,0.17,0.23,300,300,0.9966666666666667
opponent_minimax,opponent,50,20260960,0.58,0.165,0.255,300,306,0.9966996699669967
opponent_minimax,opponent,51,20260961,0.615,0.12,0.265,3000,308,1.0
opponent_minimax,opponent,52,20260962,0.6,0.1225,0.2775,900,302,0.9966442953020134
opponent_minimax,opponent,53,20260963,0.6875,0.165,0.1475,300,287,1.0
opponent_minimax,opponent,54,20260964,0.6,0.15,0.25,300,299,0.9966555183946488
opponent_minimax,opponent,55,20260965,0.57,0.1575,0.2725,300,305,0.9966777408637874
opponent_minimax,opponent,56,20260966,0.555,0.1525,0.2925,2400,308,0.9967320261437909
opponent_minimax,opponent,57,20260967,0.59,0.1125,0.2975,900,309,1.0
opponent_minimax,opponent,58,20260968,0.7,0.1525,0.1475,300,255,1.0
opponent_minimax,opponent,59,20260969,0.62,0.13,0.25,300,305,1.0
opponent_minimax,opponent,60,20260970,0.52,0.1725,0.3075,300,299,1.0
opponent_minimax,opponent,61,20260971,0.615,0.1175,0.2675,300,302,1.0
opponent_minimax,opponent,62,20260972,0.6475,0.13,0.2225,300,312,1.0
opponent_minimax,opponent,63,20260973,0.5975,0.12,0.2825,300,299,0.9966442953020134
opponent_minimax,opponent,64,20260974,0.5475,0.1425,0.31,300,303,0.9966442953020134
opponent_minimax,opponent,65,20260975,0.5975,0.1625,0.24,300,324,1.0
opponent_minimax,opponent,66,20260976,0.61,0.1325,0.2575,2700,295,1.0
opponent_minimax,opponent,67,20260977,0.6075,0.1125,0.28,2400,300,0.9899328859060402
opponent_minimax,opponent,68,20260978,0.5675,0.1325,0.3,300,298,0.9966442953020134
opponent_minimax,opponent,69,20260979,0.59,0.1425,0.2675,3000,324,1.0
opponent_minimax,opponent,70,20260980,0.565,0.1275,0.3075,1800,297,1.0
opponent_minimax,opponent,71,20260981,0.5775,0.155,0.2675,300,297,0.9965870307167235
opponent_minimax,opponent,72,20260982,0.59,0.1375,0.2725,300,294,1.0
opponent_minimax,opponent,73,20260983,0.59,0.15,0.26,300,293,0.9965635738831615
opponent_minimax,opponent,74,20260984,0.6425,0.115,0.2425,2400,311,1.0
opponent_minimax,opponent,75,20260985,0.5925,0.1225,0.285,2400,309,0.996742671009772
opponent_minimax,opponent,76,20260986,0.5625,0.1625,0.275,300,294,1.0
opponent_minimax,opponent,77,20260987,0.6325,0.1225,0.245,300,329,1.0
opponent_minimax,opponent,78,20260988,0.6125,0.13,0.2575,300,326,0.9969230769230769
opponent_minimax,opponent,79,20260989,0.675,0.1725,0.1525,2400,299,0.9964539007092199
opponent_minimax,opponent,80,20260990,0.5825,0.15,0.2675,300,324,0.9969040247678018
opponent_minimax,opponent,81,20260991,0.575,0.1425,0.2825,300,292,1.0
opponent_minimax,opponent,82,20260992,0.615,0.145,0.24,300,316,0.990506329113924
opponent_minimax,opponent,83,20260993,0.6175,0.1325,0.25,300,317,0.9936507936507937
opponent_minimax,opponent,84,20260994,0.6125,0.15,0.2375,300,315,0.9968051118210862
opponent_minimax,opponent,85,20260995,0.58,0.1675,0.2525,300,319,0.9936507936507937
opponent_minimax,opponent,86,20260996,0.6425,0.1575,0.2,300,306,0.9967105263157895
opponent_minimax,opponent,87,20260997,0.7075,0.17,0.1225,300,226,1.0
opponent_minimax,opponent,88,20260998,0.5875,0.155,0.2575,300,290,0.9930555555555556
opponent_minimax,opponent,89,20260999,0.5075,0.185,0.3075,2700,301,0.9966777408637874
opponent_minimax,opponent,90,20261000,0.67,0.1325,0.1975,3000,314,1.0
opponent_minimax,opponent,91,20261001,0.565,0.1725,0.2625,300,296,0.9966216216216216
opponent_minimax,opponent,92,20261002,0.5875,0.1525,0.26,2700,298,0.9932885906040269
opponent_minimax,opponent,93,20261003,0.6925,0.0975,0.21,300,305,0.9966887417218543
opponent_minimax,opponent,94,20261004,0.715,0.14,0.145,300,307,0.9869706840390879
opponent_minimax,opponent,95,20261005,0.5825,0.16,0.2575,300,337,1.0
opponent_minimax,opponent,96,20261006,0.6025,0.135,0.2625,1800,304,0.9966777408637874
opponent_minimax,opponent,97,20261007,0.57,0.145,0.285,300,292,1.0
opponent_minimax,opponent,98,20261008,0.5,0.195,0.305,300,303,0.9966996699669967
opponent_minimax,opponent,99,20261009,0.5475,0.155,0.2975,2100,296,1.0
initial_beads_1,initialization,0,20260910,0.82,0.0975,0.0825,600,320,0.9778481012658228
initial_beads_1,initialization,1,20260911,0.7575,0.14,0.1025,2400,336,0.9732142857142857
initial_beads_1,initialization,2,20260912,0.8075,0.1,0.0925,2100,337,0.9821958456973294
initial_beads_1,initialization,3,20260913,0.795,0.0925,0.1125,2100,334,0.9610778443113772
initial_beads_1,initialization,4,20260914,0.8675,0.045,0.0875,2700,337,0.9522388059701492
initial_beads_1,initialization,5,20260915,0.8275,0.1,0.0725,1200,325,0.963076923076923
initial_beads_1,initialization,6,20260916,0.805,0.1025,0.0925,1200,323,0.9627329192546584
initial_beads_1,initialization,7,20260917,0.795,0.1025,0.1025,2700,336,0.982089552238806
initial_beads_1,initialization,8,20260918,0.8575,0.0525,0.09,600,333,0.975975975975976
initial_beads_1,initialization,9,20260919,0.7625,0.0775,0.16,3000,336,0.9702380952380952
initial_beads_1,initialization,10,20260920,0.795,0.1075,0.0975,900,328,0.981651376146789
initial_beads_1,initialization,11,20260921,0.85,0.085,0.065,900,333,0.9728915662650602
initial_beads_1,initialization,12,20260922,0.825,0.0725,0.1025,3000,332,0.9548192771084337
initial_beads_1,initialization,13,20260923,0.8225,0.0825,0.095,1500,334,0.9820359281437125
initial_beads_1,initialization,14,20260924,0.835,0.075,0.09,1500,337,0.9554896142433235
initial_beads_1,initialization,15,20260925,0.8625,0.075,0.0625,2400,333,0.9698795180722891
initial_beads_1,initialization,16,20260926,0.7925,0.0975,0.11,2100,333,0.9788519637462235
initial_beads_1,initialization,17,20260927,0.855,0.0675,0.0775,600,323,0.9587301587301588
initial_beads_1,initialization,18,20260928,0.865,0.0825,0.0525,1500,327,0.9571865443425076
initial_beads_1,initialization,19,20260929,0.7875,0.11,0.1025,2100,334,0.9760479041916168
initial_beads_1,initialization,20,20260930,0.8075,0.09,0.1025,1500,332,0.9635258358662614
initial_beads_1,initialization,21,20260931,0.8775,0.075,0.0475,2400,316,0.9772727272727273
initial_beads_1,initialization,22,20260932,0.8275,0.0625,0.11,1800,336,0.9761904761904762
initial_beads_1,initialization,23,20260933,0.8175,0.0875,0.095,1500,327,0.950920245398773
initial_beads_1,initialization,24,20260934,0.8325,0.085,0.0825,1500,316,0.9746031746031746
initial_beads_1,initialization,25,20260935,0.825,0.0975,0.0775,3000,336,0.9702380952380952
initial_beads_1,initialization,26,20260936,0.83,0.075,0.095,1200,335,0.9669669669669669
initial_beads_1,initialization,27,20260937,0.8525,0.0625,0.085,300,334,0.9819277108433735
initial_beads_1,initialization,28,20260938,0.83,0.0725,0.0975,2400,327,0.9662576687116564
initial_beads_1,initialization,29,20260939,0.8425,0.1025,0.055,3000,333,0.963855421686747
initial_beads_1,initialization,30,20260940,0.8625,0.0625,0.075,1800,334,0.9789156626506024
initial_beads_1,initialization,31,20260941,0.855,0.0725,0.0725,1800,328,0.963076923076923
initial_beads_1,initialization,32,20260942,0.8575,0.0925,0.05,1200,308,0.9869281045751634
initial_beads_1,initialization,33,20260943,0.8275,0.0775,0.095,1800,333,0.972972972972973
initial_beads_1,initialization,34,20260944,0.8475,0.0925,0.06,1800,334,0.975975975975976
initial_beads_1,initialization,35,20260945,0.8375,0.0675,0.095,1200,336,0.9731343283582089
initial_beads_1,initialization,36,20260946,0.8125,0.0825,0.105,1200,335,0.96996996996997
initial_beads_1,initialization,37,20260947,0.8725,0.065,0.0625,900,324,0.9717868338557993
initial_beads_1,initialization,38,20260948,0.825,0.0875,0.0875,1500,332,0.9788519637462235
initial_beads_1,initialization,39,20260949,0.8325,0.0975,0.07,1200,330,0.9666666666666667
initial_beads_1,initialization,40,20260950,0.8225,0.0875,0.09,1500,332,0.9757575757575757
initial_beads_1,initialization,41,20260951,0.7975,0.1125,0.09,2400,324,0.9660493827160493
initial_beads_1,initialization,42,20260952,0.7775,0.105,0.1175,2700,338,0.9644970414201184
initial_beads_1,initialization,43,20260953,0.8275,0.1025,0.07,2100,323,0.9751552795031055
initial_beads_1,initialization,44,20260954,0.81,0.0525,0.1375,2400,338,0.9467455621301775
initial_beads_1,initialization,45,20260955,0.8075,0.0875,0.105,900,332,0.972809667673716
initial_beads_1,initialization,46,20260956,0.855,0.065,0.08,900,332,0.9666666666666667
initial_beads_1,initialization,47,20260957,0.81,0.1,0.09,1800,333,0.9697885196374623
initial_beads_1,initialization,48,20260958,0.8375,0.0725,0.09,1800,332,0.9726443768996961
initial_beads_1,initialization,49,20260959,0.835,0.0925,0.0725,600,327,0.9723076923076923
initial_beads_1,initialization,50,20260960,0.805,0.0875,0.1075,900,331,0.9878787878787879
initial_beads_1,initialization,51,20260961,0.765,0.125,0.11,1500,338,0.9615384615384616
initial_beads_1,initialization,52,20260962,0.835,0.0625,0.1025,2700,336,0.9583333333333334
initial_beads_1,initialization,53,20260963,0.8775,0.0775,0.045,900,333,0.963963963963964
initial_beads_1,initialization,54,20260964,0.835,0.1025,0.0625,600,333,0.9697885196374623
initial_beads_1,initialization,55,20260965,0.785,0.095,0.12,1800,334,0.9520958083832335
initial_beads_1,initialization,56,20260966,0.8825,0.0775,0.04,1500,333,0.963855421686747
initial_beads_1,initialization,57,20260967,0.8525,0.07,0.0775,2100,330,0.9664634146341463
initial_beads_1,initialization,58,20260968,0.86,0.085,0.055,1800,319,0.9686520376175548
initial_beads_1,initialization,59,20260969,0.755,0.1575,0.0875,2400,337,0.9792284866468842
initial_beads_1,initialization,60,20260970,0.82,0.0775,0.1025,900,331,0.9757575757575757
initial_beads_1,initialization,61,20260971,0.7925,0.075,0.1325,2100,333,0.9607250755287009
initial_beads_1,initialization,62,20260972,0.8275,0.1075,0.065,2700,331,0.9787878787878788
initial_beads_1,initialization,63,20260973,0.8675,0.0675,0.065,900,319,0.987220447284345
initial_beads_1,initialization,64,20260974,0.8375,0.0525,0.11,1500,335,0.9671641791044776
initial_beads_1,initialization,65,20260975,0.8275,0.065,0.1075,1500,329,0.9695121951219512
initial_beads_1,initialization,66,20260976,0.7775,0.1275,0.095,2700,338,0.9821958456973294
initial_beads_1,initialization,67,20260977,0.81,0.0875,0.1025,2400,334,0.9820359281437125
initial_beads_1,initialization,68,20260978,0.81,0.1075,0.0825,600,332,0.9759036144578314
initial_beads_1,initialization,69,20260979,0.7975,0.1,0.1025,1800,334,0.9640718562874252
initial_beads_1,initialization,70,20260980,0.8025,0.09,0.1075,1200,338,0.9703264094955489
initial_beads_1,initialization,71,20260981,0.815,0.1175,0.0675,1800,329,0.9604863221884499
initial_beads_1,initialization,72,20260982,0.8325,0.0625,0.105,1200,335,0.9730538922155688
initial_beads_1,initialization,73,20260983,0.7875,0.1225,0.09,1200,331,0.9695121951219512
initial_beads_1,initialization,74,20260984,0.8225,0.0825,0.095,600,336,0.9851190476190477
initial_beads_1,initialization,75,20260985,0.8275,0.08,0.0925,1200,332,0.9696969696969697
initial_beads_1,initialization,76,20260986,0.845,0.06,0.095,2700,336,0.9671641791044776
initial_beads_1,initialization,77,20260987,0.75,0.1275,0.1225,600,337,0.973293768545994
initial_beads_1,initialization,78,20260988,0.8625,0.065,0.0725,1800,328,0.9725609756097561
initial_beads_1,initialization,79,20260989,0.8275,0.0775,0.095,1200,336,0.9732142857142857
initial_beads_1,initialization,80,20260990,0.8325,0.08,0.0875,900,322,0.965625
initial_beads_1,initialization,81,20260991,0.79,0.0975,0.1125,1800,336,0.9731343283582089
initial_beads_1,initialization,82,20260992,0.81,0.0825,0.1075,1800,336,0.9821428571428571
initial_beads_1,initialization,83,20260993,0.865,0.06,0.075,1200,331,0.9757575757575757
initial_beads_1,initialization,84,20260994,0.8475,0.0675,0.085,300,333,0.9789156626506024
initial_beads_1,initialization,85,20260995,0.765,0.1225,0.1125,900,336,0.9732142857142857
initial_beads_1,initialization,86,20260996,0.825,0.095,0.08,1200,334,0.9700598802395209
initial_beads_1,initialization,87,20260997,0.83,0.085,0.085,900,331,0.9818181818181818
initial_beads_1,initialization,88,20260998,0.8075,0.12,0.0725,2100,337,0.9436201780415431
initial_beads_1,initialization,89,20260999,0.8025,0.0975,0.1,1500,337,0.9762611275964391
initial_beads_1,initialization,90,20261000,0.84,0.06,0.1,600,331,0.9758308157099698
initial_beads_1,initialization,91,20261001,0.825,0.1025,0.0725,2100,336,0.9611940298507463
initial_beads_1,initialization,92,20261002,0.8175,0.0975,0.085,1800,338,0.9762611275964391
initial_beads_1,initialization,93,20261003,0.825,0.105,0.07,1500,325,0.9691358024691358
initial_beads_1,initialization,94,20261004,0.835,0.0825,0.0825,2700,334,0.9637462235649547
initial_beads_1,initialization,95,20261005,0.8025,0.1075,0.09,600,336,0.9642857142857143
initial_beads_1,initialization,96,20261006,0.825,0.075,0.1,2400,333,0.9697885196374623
initial_beads_1,initialization,97,20261007,0.795,0.0925,0.1125,2400,330,0.9695121951219512
initial_beads_1,initialization,98,20261008,0.8425,0.0775,0.08,600,338,0.9643916913946587
initial_beads_1,initialization,99,20261009,0.79,0.1225,0.0875,1800,335,0.9669669669669669
initial_beads_10,initialization,0,20260910,0.72,0.0975,0.1825,3000,338,0.9319526627218935
initial_beads_10,initialization,1,20260911,0.7225,0.13,0.1475,1200,338,0.9378698224852071
initial_beads_10,initialization,2,20260912,0.725,0.1,0.175,900,338,0.9319526627218935
initial_beads_10,initialization,3,20260913,0.7625,0.0925,0.145,2700,338,0.9349112426035503
initial_beads_10,initialization,4,20260914,0.7125,0.135,0.1525,2400,338,0.9112426035502958
initial_beads_10,initialization,5,20260915,0.72,0.11,0.17,2700,338,0.9378698224852071
initial_beads_10,initialization,6,20260916,0.7475,0.0975,0.155,2100,338,0.9408284023668639
initial_beads_10,initialization,7,20260917,0.725,0.0875,0.1875,1200,338,0.9437869822485208
initial_beads_10,initialization,8,20260918,0.735,0.085,0.18,1800,338,0.9437869822485208
initial_beads_10,initialization,9,20260919,0.75,0.08,0.17,1800,337,0.9792284866468842
initial_beads_10,initialization,10,20260920,0.735,0.13,0.135,900,338,0.9258160237388724
initial_beads_10,initialization,11,20260921,0.69,0.125,0.185,1200,338,0.9467455621301775
initial_beads_10,initialization,12,20260922,0.7575,0.0875,0.155,1800,338,0.9289940828402367
initial_beads_10,initialization,13,20260923,0.745,0.1075,0.1475,3000,338,0.9437869822485208
initial_beads_10,initialization,14,20260924,0.7925,0.0825,0.125,3000,338,0.9349112426035503
initial_beads_10,initialization,15,20260925,0.7175,0.11,0.1725,3000,338,0.9349112426035503
initial_beads_10,initialization,16,20260926,0.7275,0.1175,0.155,900,338,0.9230769230769231
initial_beads_10,initialization,17,20260927,0.725,0.1125,0.1625,2100,338,0.9349112426035503
initial_beads_10,initialization,18,20260928,0.7275,0.1225,0.15,2100,338,0.9408284023668639
initial_beads_10,initialization,19,20260929,0.7575,0.085,0.1575,2400,338,0.9201183431952663
initial_beads_10,initialization,20,20260930,0.725,0.11,0.165,1500,338,0.9289940828402367
initial_beads_10,initialization,21,20260931,0.75,0.095,0.155,1800,338,0.9436201780415431
initial_beads_10,initialization,22,20260932,0.7425,0.0975,0.16,1800,338,0.9526627218934911
initial_beads_10,initialization,23,20260933,0.71,0.0875,0.2025,2400,338,0.908284023668639
initial_beads_10,initialization,24,20260934,0.7125,0.1175,0.17,1500,338,0.9437869822485208
initial_beads_10,initialization,25,20260935,0.7025,0.1075,0.19,1500,338,0.8994082840236687
initial_beads_10,initialization,26,20260936,0.705,0.1025,0.1925,2400,338,0.9230769230769231
initial_beads_10,initialization,27,20260937,0.6875,0.1125,0.2,3000,338,0.9260355029585798
initial_beads_10,initialization,28,20260938,0.695,0.135,0.17,3000,338,0.9230769230769231
initial_beads_10,initialization,29,20260939,0.7525,0.0975,0.15,900,336,0.9464285714285714
initial_beads_10,initialization,30,20260940,0.725,0.1025,0.1725,2700,338,0.9289940828402367
initial_beads_10,initialization,31,20260941,0.725,0.115,0.16,1500,338,0.9437869822485208
initial_beads_10,initialization,32,20260942,0.7,0.115,0.185,2700,338,0.9408284023668639
initial_beads_10,initialization,33,20260943,0.7425,0.1025,0.155,2400,338,0.9526627218934911
initial_beads_10,initialization,34,20260944,0.72,0.11,0.17,3000,338,0.9437869822485208
initial_beads_10,initialization,35,20260945,0.735,0.1175,0.1475,1200,338,0.9289940828402367
initial_beads_10,initialization,36,20260946,0.7025,0.1275,0.17,600,338,0.9319526627218935
initial_beads_10,initialization,37,20260947,0.7575,0.0875,0.155,2700,338,0.9408284023668639
initial_beads_10,initialization,38,20260948,0.73,0.1075,0.1625,2400,338,0.9201183431952663
initial_beads_10,initialization,39,20260949,0.73,0.1075,0.1625,1500,338,0.9349112426035503
initial_beads_10,initialization,40,20260950,0.745,0.0875,0.1675,1500,338,0.9378698224852071
initial_beads_10,initialization,41,20260951,0.75,0.0875,0.1625,2700,338,0.9201183431952663
initial_beads_10,initialization,42,20260952,0.7725,0.0875,0.14,300,338,0.9497041420118343
initial_beads_10,initialization,43,20260953,0.745,0.0975,0.1575,1500,338,0.9378698224852071
initial_beads_10,initialization,44,20260954,0.745,0.095,0.16,2400,337,0.9317507418397626
initial_beads_10,initialization,45,20260955,0.69,0.0975,0.2125,600,338,0.9408284023668639
initial_beads_10,initialization,46,20260956,0.735,0.095,0.17,2400,338,0.9378698224852071
initial_beads_10,initialization,47,20260957,0.695,0.1175,0.1875,1500,338,0.9260355029585798
initial_beads_10,initialization,48,20260958,0.6775,0.1525,0.17,2700,338,0.9467455621301775
initial_beads_10,initialization,49,20260959,0.72,0.11,0.17,1500,338,0.9142011834319527
initial_beads_10,initialization,50,20260960,0.7275,0.13,0.1425,600,338,0.9408284023668639
initial_beads_10,initialization,51,20260961,0.745,0.0925,0.1625,2400,337,0.9347181008902077
initial_beads_10,initialization,52,20260962,0.7275,0.1,0.1725,1200,338,0.9319526627218935
initial_beads_10,initialization,53,20260963,0.7375,0.085,0.1775,1500,338,0.9319526627218935
initial_beads_10,initialization,54,20260964,0.705,0.12,0.175,2100,338,0.9230769230769231
initial_beads_10,initialization,55,20260965,0.755,0.0975,0.1475,2700,338,0.9437869822485208
initial_beads_10,initialization,56,20260966,0.7475,0.1175,0.135,3000,338,0.9230769230769231
initial_beads_10,initialization,57,20260967,0.7025,0.115,0.1825,2100,338,0.9230769230769231
initial_beads_10,initialization,58,20260968,0.725,0.1025,0.1725,2100,338,0.9171597633136095
initial_beads_10,initialization,59,20260969,0.7075,0.1125,0.18,1200,338,0.9289940828402367
initial_beads_10,initialization,60,20260970,0.745,0.095,0.16,600,338,0.9349112426035503
initial_beads_10,initialization,61,20260971,0.725,0.095,0.18,2400,338,0.9287833827893175
initial_beads_10,initialization,62,20260972,0.735,0.1025,0.1625,900,338,0.9319526627218935
initial_beads_10,initialization,63,20260973,0.735,0.11,0.155,1500,338,0.9378698224852071
initial_beads_10,initialization,64,20260974,0.75,0.1,0.15,2700,338,0.9260355029585798
initial_beads_10,initialization,65,20260975,0.7675,0.075,0.1575,1500,338,0.9289940828402367
initial_beads_10,initialization,66,20260976,0.775,0.0975,0.1275,2700,337,0.9347181008902077
initial_beads_10,initialization,67,20260977,0.7275,0.1175,0.155,1500,338,0.9317507418397626
initial_beads_10,initialization,68,20260978,0.735,0.09,0.175,1200,338,0.9317507418397626
initial_beads_10,initialization,69,20260979,0.7725,0.085,0.1425,2400,338,0.9378698224852071
initial_beads_10,initialization,70,20260980,0.7075,0.13,0.1625,1500,338,0.9230769230769231
initial_beads_10,initialization,71,20260981,0.795,0.0925,0.1125,3000,338,0.9437869822485208
initial_beads_10,initialization,72,20260982,0.71,0.12,0.17,1800,338,0.9349112426035503
initial_beads_10,initialization,73,20260983,0.7325,0.1175,0.15,2700,338,0.9258160237388724
initial_beads_10,initialization,74,20260984,0.7525,0.0825,0.165,3000,338,0.9171597633136095
initial_beads_10,initialization,75,20260985,0.6875,0.1225,0.19,2400,338,0.9289940828402367
initial_beads_10,initialization,76,20260986,0.77,0.08,0.15,900,337,0.9109792284866469
initial_beads_10,initialization,77,20260987,0.69,0.1175,0.1925,2400,338,0.9349112426035503
initial_beads_10,initialization,78,20260988,0.7025,0.125,0.1725,1200,338,0.9201183431952663
initial_beads_10,initialization,79,20260989,0.735,0.1375,0.1275,2100,338,0.9378698224852071
initial_beads_10,initialization,80,20260990,0.7475,0.1075,0.145,1200,338,0.9556213017751479
initial_beads_10,initialization,81,20260991,0.76,0.105,0.135,600,338,0.9349112426035503
initial_beads_10,initialization,82,20260992,0.7525,0.1025,0.145,1500,338,0.9260355029585798
initial_beads_10,initialization,83,20260993,0.7075,0.105,0.1875,1500,338,0.9289940828402367
initial_beads_10,initialization,84,20260994,0.7025,0.1025,0.195,2100,338,0.9201183431952663
initial_beads_10,initialization,85,20260995,0.7775,0.085,0.1375,600,338,0.9201183431952663
initial_beads_10,initialization,86,20260996,0.7525,0.1,0.1475,2100,338,0.9378698224852071
initial_beads_10,initialization,87,20260997,0.7375,0.09,0.1725,2400,338,0.9408284023668639
initial_beads_10,initialization,88,20260998,0.71,0.105,0.185,2100,338,0.9230769230769231
initial_beads_10,initialization,89,20260999,0.73,0.1025,0.1675,2400,338,0.9408284023668639
initial_beads_10,initialization,90,20261000,0.7375,0.1075,0.155,2700,338,0.9408284023668639
initial_beads_10,initialization,91,20261001,0.7175,0.135,0.1475,2700,338,0.9289940828402367
initial_beads_10,initialization,92,20261002,0.72,0.105,0.175,900,338,0.9437869822485208
initial_beads_10,initialization,93,20261003,0.7325,0.1025,0.165,2100,338,0.9349112426035503
initial_beads_10,initialization,94,20261004,0.73,0.105,0.165,2400,338,0.9437869822485208
initial_beads_10,initialization,95,20261005,0.6925,0.1225,0.185,1200,338,0.9142011834319527
initial_beads_10,initialization,96,20261006,0.755,0.0975,0.1475,300,338,0.9526627218934911
initial_beads_10,initialization,97,20261007,0.74,0.085,0.175,2400,338,0.9408284023668639
initial_beads_10,initialization,98,20261008,0.715,0.1,0.185,1500,338,0.9023668639053254
initial_beads_10,initialization,99,20261009,0.72,0.11,0.17,300,338,0.9230769230769231
